,Player,Matches,Runs,Bat_ave,Wkts,Bowl_ave
0,RG Sharma (IND),89,2438,32.5,0,0.0
1,Shoaib Malik (ICC/PAK),84,1699,33.97,14,26.64
2,V Kohli (IND),83,2902,50.03,4,49.5
3,EJG Morgan (ENG),83,1862,27.8,0,0.0
4,KJ O'Brien (IRE),79,1543,23.02,50,17.4
5,Mohammad Hafeez (PAK),78,1957,30.56,42,20.34
6,Mahmudullah (BAN),76,1396,27.92,29,26.31
7,JC Buttler (ENG),74,1551,29.27,0,0.0
8,NLTC Perera (ICC/SL/World),74,1127,23.97,46,34.2
9,MS Dhoni (IND),73,1176,45.22,0,0.0
10,DA Miller (SA/World),73,1296,28.17,0,0.0
11,PR Stirling (IRE),72,2047,31.48,17,34.7
12,MJ Guptill (NZ),71,2182,34.1,0,0.0
13,Mushfiqur Rahim (BAN),71,1197,21.77,0,0.0
14,GH Dockrell (IRE),70,268,14.1,64,23.31
15,Mohammad Nabi (AFG),70,1278,23.23,58,28.67
16,GJ Maxwell (AUS),67,1687,33.06,29,26.66
17,AJ Finch (AUS),66,2149,37.7,0,0.0
18,GC Wilson (IRE),66,1075,22.39,0,0.0
19,Asghar Afghan (AFG),65,1214,21.67,1,4.0
20,C Munro (NZ),65,1724,31.34,4,46.5
21,LRPL Taylor (NZ),65,1250,29.06,0,0.0
22,S Dhawan (IND),64,1669,28.28,0,0.0
23,Tamim Iqbal (BAN/ICC/World),64,1565,26.52,0,0.0
24,Umar Akmal (PAK),63,1160,24.16,0,0.0
25,Shakib Al Hasan (BAN),62,1360,26.16,75,20.88
26,KS Williamson (NZ),62,1723,33.12,6,27.33
27,MN Samuels (WI),61,1480,30.2,20,24.7
28,AD Hales (ENG),60,1644,31.02,0,0.0
29,Najibullah Zadran (AFG),60,976,31.48,0,0.0
30,SK Raina (IND),60,1137,27.73,12,33.6
31,PM Seelaar (NED),60,462,17.77,40,24.38
32,DA Warner (AUS),58,1619,33.03,0,0.0
33,Mohammad Shahzad (AFG),57,1782,32.4,0,0.0
34,Sarfaraz Ahmed (PAK),57,807,28.81,0,0.0
35,Shahid Afridi (ICC/PAK),57,745,17.73,45,31.56
36,KA Pollard (WI),56,1036,30.47,26,23.38
37,Samiullah Shinwari (AFG),56,951,23.77,24,23.4
38,TG Southee (NZ),56,207,14.78,65,25.95
39,CJ Jordan (ENG),55,247,14.52,66,25.31
40,SL Malinga (SL),55,73,4.56,72,20.8
41,Ahmed Shehzad (PAK),54,1380,26.53,0,0.0
42,AD Mathews (SL),54,826,25.81,23,36.3
43,RD Berrington (SCOT),53,1203,30.84,22,23.0
44,S Badree (WI/World),52,43,7.16,56,21.06
45,JP Duminy (SA),52,1286,42.88,17,29.81
46,H Masakadza (ZIM),52,1251,25.02,1,74.0
47,BN Cooper (NED),51,1094,28.05,0,0.0
48,SP Narine (WI),51,155,10.33,52,21.25
49,JJ Bumrah (IND),50,8,0.0,0,0.0
50,F du Plessis (SA/World),50,1528,35.53,0,0.0
51,IS Sodhi (NZ),50,75,18.75,56,24.4
52,Soumya Sarkar (BAN),50,885,18.81,6,45.16
53,DJ Bravo (WI),49,807,24.45,40,27.72
54,LD Chandimal (SL),49,741,19.0,0,0.0
55,KJ Coetzer (SCOT),49,1152,25.05,0,0.0
56,Imad Wasim (PAK),49,302,13.72,47,22.77
57,D Ramdin (WI),49,417,19.84,0,0.0
58,AD Russell (WI),49,540,20.0,26,37.47
59,DJG Sammy (WI/World),49,447,17.88,20,37.84
60,TM Dilshan (SL),48,1131,27.58,5,32.4
61,Gulbadin Naib (AFG),48,495,17.67,17,36.53
62,Rashid Khan (AFG/ICC),48,163,14.81,89,12.62
63,MJ Santner (NZ),48,325,16.25,54,22.03
64,Q de Kock (SA),47,1303,31.02,0,0.0
65,CS MacLeod (SCOT),47,1042,26.7,4,29.5
66,MDKJ Perera (SL),47,1293,28.1,0,0.0
67,AU Rashid (ENG),47,46,6.57,48,24.9
68,JM Bairstow (ENG),46,932,28.23,0,0.0
69,AB de Villiers (SA),46,1082,27.73,0,0.0
70,KMDN Kulasekara (SL),46,163,11.64,55,21.03
71,Shadab Khan (PAK),46,183,14.07,53,22.62
72,LMP Simmons (WI),46,1002,27.08,0,0.0
73,YS Chahal (IND),45,5,2.5,59,24.67
74,KL Rahul (IND),45,1542,44.06,0,0.0
75,R Ashwin (IND),44,123,30.75,50,22.45
76,Babar Azam (PAK),44,1681,50.94,0,0.0
77,WTS Porterfield (IRE),44,816,21.47,0,0.0
78,WB Rankin (ENG/IRE),44,58,9.66,48,22.02
79,Sabbir Rahman (BAN),44,946,24.89,6,11.66
80,A Balbirnie (IRE),43,945,25.55,0,0.0
81,E Chigumbura (ZIM),43,719,20.55,4,53.75
82,MH Cross (SCOT),43,755,26.03,0,0.0
83,B Kumar (IND),43,23,0.0,0,0.0
84,Nizakat Khan (HKG),43,729,17.78,4,20.75
85,HH Pandya (IND),43,388,18.47,38,25.69
86,Rohan Mustafa (UAE),43,766,19.16,45,19.77
87,HM Amla (SA/World),42,1225,34.03,0,0.0
88,W Barresi (NED),42,799,22.81,2,24.5
89,SM Sharif (SCOT),42,123,13.66,49,24.19
90,Sohail Tanvir (PAK),42,167,12.84,43,25.31
91,Ahmed Raza (UAE),41,99,11.0,29,30.12
92,CR Brathwaite (WI),41,310,14.76,31,32.66
93,RA Jadeja (IND),41,152,15.2,34,27.05
94,Mashrafe Mortaza (BAN),41,236,12.42,32,34.12
95,Mustafizur Rahman (BAN),41,43,4.3,58,20.53
96,Shafiqullah (AFG),41,457,18.28,0,0.0
97,SR Thompson (IRE),41,328,14.9,18,37.22
98,PA van Meekeren (NED),41,39,4.87,47,20.1
99,SC Williams (ZIM),41,844,23.44,31,30.03
100,Fakhar Zaman (PAK),40,838,22.05,0,0.0
101,MD Shanaka (SL),40,483,15.58,11,19.81
102,Aizaz Khan (HKG),39,364,14.0,46,20.28
103,Muhammad Usman (UAE),39,765,24.67,0,0.0
104,MK Pandey (IND),39,709,44.3,0,0.0
105,T van der Gugten (NED),39,109,15.57,40,21.17
106,F Behardien (SA),38,518,32.38,3,9.0
107,CH Gayle (WI),38,1010,32.6,5,24.6
108,Imran Tahir (SA/World),38,19,19.0,63,15.04
109,NL McCullum (NZ),38,130,7.22,32,26.62
110,HG Munsey (SCOT),38,987,29.9,0,0.0
111,JJ Roy (ENG),38,890,23.42,0,0.0
112,SR Watson (AUS),38,1083,32.8,38,22.1
113,C de Grandhomme (NZ),36,487,18.03,11,40.44
114,MP O'Dowd (NED),36,866,26.23,3,39.66
115,Sikandar Raza (ZIM),36,442,13.0,12,38.66
116,Yuvraj Singh (IND),36,622,24.88,21,15.47
117,A Zampa (AUS),36,23,0.0,0,0.0
118,Bilal Khan (OMA),35,19,6.33,51,16.25
119,Saeed Ajmal (PAK),35,61,7.62,44,19.44
120,KD Shah (HKG),35,502,19.3,9,42.88
121,MA Starc (AUS),35,24,4.8,47,19.38
122,MRJ Watt (SCOT),35,53,10.6,45,20.06
123,MM Ali (ENG),34,392,17.05,17,37.06
124,J Charles (WI),34,724,21.94,0,0.0
125,Dawlat Zadran (AFG),34,68,7.55,40,24.5
126,JW Dernbach (ENG),34,24,4.8,39,26.16
127,BRM Taylor (ZIM),34,685,22.83,0,0.0
128,PW Borren (NED),33,531,19.66,11,33.28
129,P Khadka (NEP),33,799,27.55,8,45.0
130,SJ Myburgh (NED),33,741,24.7,0,0.0
131,MS Wade (AUS),33,427,22.47,0,0.0
132,Faheem Ashraf (PAK),32,170,11.33,29,23.06
133,Khawar Ali (OMA),32,601,20.72,35,16.84
134,E Lewis (WI),32,934,32.2,0,0.0
135,Mohammad Amir (PAK),32,20,5.0,36,22.38
136,JE Root (ENG),32,893,35.72,6,23.16
137,Shaiman Anwar (UAE),32,971,33.47,0,0.0
138,MN Waller (ZIM),32,613,26.66,0,0.0
139,CA Young (IRE),32,21,0.0,0,0.0
140,Ahsan Malik (NED),31,28,9.33,44,16.6
141,Al-Amin Hossain (BAN),31,7,3.5,43,16.97
142,Amir Hamza (AFG),31,40,10.0,29,24.69
143,CJ Anderson (NZ),31,485,24.25,14,35.34
144,ADS Fletcher (WI),31,686,26.38,0,0.0
145,MA Leask (SCOT),31,240,12.0,18,27.72
146,BB McCullum (NZ),31,1040,38.5,0,0.0
147,Mohammad Naveed (UAE),31,176,12.57,37,19.7
148,Nasir Hossain (BAN),31,370,18.5,7,37.4
149,SPD Smith (AUS),31,698,31.72,1,44.0
150,Wahab Riaz (PAK),31,106,9.63,32,28.31
151,Zeeshan Maqsood (OMA),31,547,24.86,18,24.83
152,GJ Bailey (AUS/World),30,473,24.89,0,0.0
153,B Bhandari (NEP),30,304,16.0,0,0.0
154,SW Billings (ENG/ICC),30,391,17.0,0,0.0
155,Mudassar Bukhari (NED),30,143,9.53,37,16.2
156,AT Carey (AUS),30,176,12.57,0,0.0
157,SS Cottrell (WI),30,17,4.25,37,21.81
158,PJ Cummins (AUS),30,48,6.85,37,20.62
159,Hasan Ali (PAK),30,61,12.2,35,25.05
160,WD Parnell (SA),30,114,28.5,28,27.7
161,L Ronchi (ICC/NZ),30,312,17.33,0,0.0
162,TL Seifert (NZ),30,668,27.83,0,0.0
163,RE van der Merwe (NED),30,397,28.34,40,15.82
164,Waqas Barkat (HKG),30,307,13.95,6,43.34
165,TA Boult (NZ),29,22,0.0,0,0.0
166,SA Edwards (NED),29,334,23.84,0,0.0
167,Litton Das (BAN),29,636,22.7,0,0.0
168,MJ McClenaghan (ICC/NZ),29,24,6.0,30,26.3
169,R Powell (WI),29,337,18.72,4,28.5
170,BA Stokes (ENG),29,358,18.84,16,38.2
171,Aamir Kaleem (OMA),28,357,18.78,25,18.48
172,NM Coulter-Nile (AUS),28,150,13.63,34,23.58
173,Jatinder Singh (OMA),28,697,27.88,0,0.0
174,Karan KC (NEP),28,182,14.0,37,19.05
175,Karim Sadiq (AFG),28,432,15.42,8,44.25
176,RR Pant (IND),28,410,20.5,0,0.0
177,Shapoor Zadran (AFG),28,26,4.33,33,22.84
178,Sompal Kami (NEP),28,198,15.23,26,24.77
179,AJ Tye (AUS),28,61,10.16,39,22.89
180,DJ Willey (ENG),28,166,13.83,34,22.38
181,AC Agar (AUS),27,147,16.33,30,20.86
182,RS Bopara (ENG),27,520,34.66,16,24.19
183,SCJ Broad (ENG),27,82,8.2,30,24.53
184,TK Curran (ENG),27,54,13.5,26,31.23
185,AC Evans (SCOT),27,1,0.2,36,19.12
186,SO Hetmyer (WI),27,379,18.95,0,0.0
187,G Malla (NEP),27,566,22.64,0,0.0
188,M Morkel (SA/World),27,20,10.0,22,36.2
189,AL Phehlukwayo (SA),27,92,9.2,35,19.94
190,KC Sangakkara (SL),27,605,31.84,0,0.0
191,TP Visee (NED),27,478,17.7,0,0.0
192,BKG Mendis (SL),26,484,18.61,0,0.0
193,Mohammad Rizwan (PAK),26,313,22.34,0,0.0
194,CO Obuya (KENYA),26,585,26.6,23,14.52
195,K Rabada (SA),26,37,9.25,31,26.4
196,L Siaka (PNG),26,296,14.8,9,6.22
197,MC Sorensen (IRE),26,92,18.4,26,18.11
198,DW Steyn (SA),26,13,3.25,35,18.4
199,MR Swart (NED),26,621,27.0,14,25.06
200,HDRL Thirimanne (SL),26,291,16.16,0,0.0
201,Umar Gul (PAK),26,79,8.77,38,18.19
202,A Vala (PNG),26,460,23.0,20,12.45
203,Washington Sundar (IND),26,40,6.66,21,29.14
204,KOK Williams (WI),26,19,6.33,41,19.62
205,Asif Ali (PAK),25,331,18.38,0,0.0
206,MS Chapman (HKG/NZ),25,509,23.12,3,25.66
207,CJ Chibhabha (ZIM),25,409,17.05,11,34.62
208,RR Hendricks (SA),25,636,25.44,0,0.0
209,Mohammad Nadeem (OMA),25,97,8.81,24,21.66
210,RR Patel (KENYA),25,513,25.66,4,26.0
211,SW Poynter (IRE),25,240,16.0,0,0.0
212,T Shamsi (SA),25,4,4.0,21,33.34
213,DR Smith (WI),25,509,21.2,0,0.0
214,I Udana (SL),25,229,20.81,19,31.69
215,N Vanua (PNG),25,321,22.92,35,14.42
216,Babar Hayat (HKG),24,541,27.05,0,0.0
217,JP Faulkner (AUS),24,159,14.45,36,19.0
218,MD Gunathilaka (SL),24,473,20.56,5,25.6
219,SS Iyer (IND),24,429,26.81,0,0.0
220,Karim Janat (AFG),24,168,12.92,24,28.8
221,PL Mommsen (SCOT),24,419,34.9,4,41.0
222,CB Mpofu (ZIM),24,32,8.0,26,31.38
223,S Muniandy (MAS),24,214,17.83,19,27.78
224,R Mutumbami (ZIM),24,315,18.52,0,0.0
225,Nadeem Ahmed (HKG),24,34,6.8,25,21.84
226,Nawroz Mangal (AFG),24,403,18.31,0,0.0
227,JDS Neesham (NZ),24,250,20.83,16,25.88
228,SO Ngoche (KENYA),24,107,8.91,32,18.06
229,N Pooran (WI),24,361,21.23,0,0.0
230,Rubel Hossain (BAN),24,9,1.8,26,30.23
231,SMSM Senanayake (SL),24,56,9.33,25,21.95
232,Simi Singh (IRE),24,207,10.89,21,23.61
233,CL White (AUS),24,471,29.44,0,0.0
234,LJ Wright (ENG),24,431,21.55,12,20.5
235,CJA Amini (PNG),23,377,26.92,19,19.31
236,S Bau (PNG),23,356,25.42,4,19.75
237,GJ Delany (IRE),23,436,24.22,19,24.56
238,N Dickwella (SL),23,429,19.5,0,0.0
239,Ehsan Khan (HKG),23,187,26.7,21,23.8
240,DPMD Jayawardene (SL),23,709,37.3,0,0.0
241,CK Kapugedera (SL),23,427,25.11,0,0.0
242,KD Karthik (ICC/IND),23,299,49.84,0,0.0
243,CH Morris (SA),23,133,14.77,34,20.5
244,DJM Short (AUS),23,642,30.56,3,50.34
245,V Sibanda (ZIM),23,459,20.86,0,0.0
246,MP Stoinis (AUS),23,236,21.45,9,35.44
247,Syed Aziz (MAS),23,637,35.38,4,46.75
248,TP Ura (PNG),23,671,37.28,0,0.0
249,Amjad Javed (UAE),22,271,18.06,33,16.95
250,Aqib Ilyas (OMA),22,408,22.66,2,29.5
251,AG Cremer (ZIM),22,64,5.81,28,19.31
252,A Dananjaya (SL),22,49,6.12,22,28.19
253,CR Ervine (ZIM),22,471,22.42,0,0.0
254,Fitri Sham (MAS),22,52,6.5,21,23.56
255,JEC Franklin (NZ),22,273,21.0,11,18.19
256,Iqbal Hussain (QAT),22,28,5.6,38,15.89
257,KM Jarvis (ZIM),22,55,7.85,28,23.75
258,BMAJ Mendis (SL),22,207,18.81,12,20.75
259,Mohammad Irfan (PAK),22,4,0.0,0,0.0
260,Mohammed Rizlan (QAT),22,276,25.1,0,0.0
261,Mohammed Nadeem (QAT),22,5,0.0,0,0.0
262,Muhammad Tanveer (QAT),22,600,37.5,2,43.0
263,Rameez Shahzad (UAE),22,449,24.94,0,0.0
264,TAM Siriwardana (SL),22,275,17.19,8,25.75
265,Sultan Ahmed (UAE),22,63,7.87,21,20.28
266,P Utseya (ZIM),22,58,8.28,10,56.9
267,Zahoor Khan (UAE),22,10,0.0,0,0.0
268,KJ Abbott (SA),21,23,11.5,26,22.27
269,Abdur Razzak (BAN),21,30,0.0,0,0.0
270,DS Airee (NEP),21,330,20.62,0,0.0
271,TL Chatara (ZIM),21,15,0.0,0,0.0
272,AR Cusack (IRE),21,74,14.8,18,21.83
273,JH Davey (SCOT),21,83,16.6,24,25.4
274,ST Finn (ENG),21,14,0.0,0,0.0
275,Kamran Khan (QAT),21,630,31.5,0,0.0
276,FJ Klaassen (NED),21,33,5.5,20,29.05
277,Kuldeep Yadav (IND),21,20,20.0,39,13.76
278,S Lamichhane (ICC/NEP),21,24,0.0,0,0.0
279,PJ Moor (ZIM),21,364,24.27,0,0.0
280,LE Plunkett (ENG),21,42,6.0,24,24.58
281,KW Richardson (AUS),21,9,0.0,0,0.0
282,Tanwir Afzal (HKG),21,219,13.68,19,26.78
283,Virandeep Singh (MAS),21,564,28.2,3,45.0
284,Anshuman Rath (HKG),20,321,18.88,5,52.8
285,A Bohara (NEP),20,17,4.25,20,21.8
286,TT Bresnan (ENG),20,166,18.44,15,36.88
287,Kamran Akmal (PAK),20,283,16.64,0,0.0
288,MJ Lumb (ENG),20,415,21.84,0,0.0
289,BAW Mendis (SL),20,1,0.0,0,0.0
290,KD Mills (NZ),20,11,11.0,18,29.27
291,Mohammad Shahzad (UAE),20,281,15.61,13,31.61
292,A Nehra (IND),20,6,0.0,0,0.0
293,AA Obanda (KENYA),20,255,13.42,0,0.0
294,KMA Paul (WI),20,168,21.0,24,26.8
295,S Prasanna (SL),20,214,15.28,10,35.9
296,AM Rahane (IND),20,375,20.83,0,0.0
297,Sohaib Maqsood (PAK),20,221,13.81,0,0.0
298,HT Tector (IRE),20,364,26.0,0,0.0
299,Usman Ghani (AFG),20,463,24.36,0,0.0
300,D Wiese (SA),20,92,13.14,24,20.7
301,Zaheer Ibrahim (QAT),20,251,16.73,0,0.0
302,DM Bravo (WI),19,340,21.25,0,0.0
303,RP Burl (ZIM),19,295,24.58,11,27.81
304,PVD Chameera (SL),19,31,7.75,16,35.88
305,BD Glover (NED),19,2,2.0,28,16.0
306,Khurram Nawaz (OMA),19,216,19.62,0,0.0
307,AR McBrine (IRE),19,73,12.16,13,16.61
308,DJ Malan (ENG),19,855,53.44,1,27.0
309,SS McKechnie (HKG),19,215,21.5,0,0.0
310,Mehran Khan (OMA),19,117,10.63,9,24.66
311,AF Milne (NZ),19,18,0.0,0,0.0
312,Mirwais Ashraf (AFG),19,77,9.62,13,26.38
313,JA Morkel (SA),19,129,16.12,8,32.0
314,Mujeeb Ur Rahman (AFG),19,8,0.0,0,0.0
315,RJ Nicol (NZ),19,317,18.64,5,31.6
316,Pavandeep Singh (MAS),19,5,5.0,25,18.2
317,N Pokana (PNG),19,20,10.0,19,17.27
318,AD Poynter (IRE),19,219,19.9,0,0.0
319,Aminuddin Ramly (MAS),19,199,15.3,0,0.0
320,B Stanlake (AUS),19,9,0.0,0,0.0
321,GP Swann (ENG),19,62,20.66,21,20.19
322,Taskin Ahmed (BAN),19,29,9.66,12,36.5
323,CD Wallace (SCOT),19,146,18.25,0,0.0
324,CAK Walton (WI),19,225,13.23,0,0.0
325,MR Adair (IRE),18,158,14.36,27,16.11
326,Ahmed Faiz (MAS),18,436,27.25,0,0.0
327,Awais Malik (QAT),18,17,0.0,0,0.0
328,DAJ Bracewell (NZ),18,121,24.2,20,21.84
329,TLW Cooper (NED),18,404,28.84,3,44.0
330,Haseeb Amjad (HKG),18,45,11.25,24,18.88
331,GSNFG Jayasuriya (SL),18,241,15.06,3,71.0
332,NR Kumar (CAN),18,434,31.0,7,22.84
333,CA Lynn (AUS),18,291,19.4,0,0.0
334,Nasir Jamshed (PAK),18,363,21.34,0,0.0
335,E Otieno (KENYA),18,26,0.0,0,0.0
336,KH Pandya (IND),18,121,24.2,14,38.4
337,SR Patel (ENG),18,189,15.75,7,45.84
338,SP Patil (UAE),18,187,14.38,0,0.0
339,B Regmi (NEP),18,24,3.42,25,16.2
340,MJG Rippon (NED),18,216,30.84,15,20.66
341,Shaheen Shah Afridi (PAK),18,10,0.0,0,0.0
342,Shahid Wasif (HKG),18,261,20.06,0,0.0
343,WU Tharanga (SL),18,293,17.23,0,0.0
344,LL Tsotsobe (SA),18,1,0.0,0,0.0
345,HE van der Dussen (SA),18,542,38.72,0,0.0
346,Anwar Arudin (MAS),17,168,9.88,0,0.0
347,JJ Atkinson (HKG),17,309,22.06,0,0.0
348,DG Blampied (JER),17,221,24.55,24,16.45
349,TC Bruce (NZ),17,279,18.6,0,0.0
350,K Doriga (PNG),17,106,10.6,0,0.0
351,JSE Dunford (JER),17,54,9.0,0,0.0
352,Ghulam Shabber (UAE),17,208,18.9,0,0.0
353,Haroon Arshad (HKG),17,289,26.27,12,18.58
354,HMRKB Herath (SL),17,8,0.0,0,0.0
355,JO Holder (WI),17,111,12.33,13,40.3
356,JW Jenner (JER),17,365,24.33,0,0.0
357,AV Lalcheta (OMA),17,101,12.62,8,46.75
358,JB Little (IRE),17,23,0.0,0,0.0
359,GD Phillips (NZ),17,324,24.92,0,0.0
360,D Ravu (PNG),17,10,0.0,0,0.0
361,PADLR Sandakan (SL),17,20,6.66,17,28.81
362,Shafiul Islam (BAN),17,6,0.0,0,0.0
363,BDH Stevens (JER),17,316,19.75,12,20.75
364,Sultan Ahmed (OMA),17,104,11.55,0,0.0
365,SN Thakur (IND),17,59,59.0,23,22.73
366,JC Tredwell (ENG),17,32,10.66,7,59.4
367,LJ Tucker (IRE),17,130,10.0,0,0.0
368,S Vesawkar (NEP),17,310,23.84,0,0.0
369,HR Walsh (USA/WI),17,128,16.0,11,29.1
370,RG Aga (KENYA),16,162,12.46,12,18.58
371,FA Allen (WI),16,112,12.44,12,25.4
372,N Davin (NAM),16,335,22.33,0,0.0
373,DM de Silva (SL),16,331,22.06,5,25.6
374,GD Elliott (NZ/World),16,148,13.45,13,17.23
375,MG Erasmus (NAM),16,407,37.0,12,14.25
376,ZE Green (NAM),16,79,9.87,0,0.0
377,AW Hawkins-Kay (JER),16,122,15.25,14,19.0
378,TM Head (AUS),16,319,26.58,1,39.0
379,Izatullah Dawlatzai (AFG/GER),16,26,26.0,18,21.22
380,EC Joyce (IRE),16,404,36.72,0,0.0
381,IA Karim (KENYA),16,286,22.0,0,0.0
382,C Kieswetter (ENG),16,282,18.8,0,0.0
383,SC Kuggeleijn (NZ),16,79,19.75,13,33.38
384,Mohammad Boota (UAE),16,112,14.0,1,13.0
385,Mohammad Nawaz (3) (PAK),16,13,0.0,0,0.0
386,L Ngidi (SA),16,7,0.0,0,0.0
387,AM Phangiso (SA),16,19,6.33,20,22.16
388,Rizwan Cheema (CAN),16,179,11.93,5,40.0
389,Suraj Kumar (OMA),16,105,13.12,0,0.0
390,Tamoor Sajjad (QAT),16,380,34.53,18,22.11
391,Usman Shinwari (PAK),16,2,0.0,0,0.0
392,Waqas Khan (HKG),16,164,16.4,0,0.0
393,Anwar Ali (PAK),15,109,15.57,10,34.8
394,J Botha (SA),15,87,17.4,11,26.62
395,S Chandramohan (SGP),15,436,31.14,0,0.0
396,Faisal Javed (QAT),15,330,22.0,0,0.0
397,WIA Fernando (SL),15,195,13.92,0,0.0
398,SC Getkate (IRE),15,92,8.36,8,40.38
399,Hamza Tariq (CAN),15,100,10.0,0,0.0
400,Hazratullah Zazai (AFG),15,570,40.72,0,0.0
401,RM Hira (NZ),15,37,18.5,10,33.7
402,Hussain Talat (PAK),15,371,28.53,4,13.5
403,Janak Prakash (SGP),15,118,14.75,17,21.3
404,N Madziva (ZIM),15,88,17.6,12,34.75
405,Manpreet Singh (SGP),15,312,26.0,0,0.0
406,MR Marsh (AUS),15,258,23.45,7,22.7
407,Mohammad Mithun (BAN),15,122,12.2,0,0.0
408,Mohammad Saifuddin (BAN),15,108,18.0,14,31.06
409,Muhammad Kashif (KUW),15,248,31.0,12,19.66
410,CT Mutombodzi (ZIM),15,134,12.18,7,26.84
411,NM Odhiambo (KENYA),15,61,10.16,9,31.77
412,NN Odhiambo (KENYA),15,127,10.58,7,47.0
413,CW Perchard (JER),15,28,9.33,20,13.75
414,RJ Peterson (SA),15,81,16.2,16,20.56
415,R Rampaul (WI),15,1,0.0,0,0.0
416,RR Rossouw (SA),15,327,29.72,0,0.0
417,R Sandaruwan (KUW),15,577,44.38,0,0.0
418,Sandeep Goud (OMA),15,89,17.8,2,24.0
419,Sharjeel Khan (PAK),15,360,24.0,0,0.0
420,O Thomas (WI),15,8,4.0,18,24.72
421,HA Varaiya (KENYA),15,37,37.0,13,21.77
422,Waheed Ahmed (UAE),15,141,20.14,11,23.36
423,Aarif Sheikh (NEP),14,209,20.9,0,0.0
424,KK Ahmed (IND),14,1,0.0,0,0.0
425,Amjad Mahboob (SGP),14,3,0.75,22,16.5
426,C Bisson (JER),14,226,18.83,0,0.0
427,JW Chilia (VAN),14,54,18.0,6,52.5
428,TS Chisoro (ZIM),14,43,10.75,12,30.66
429,TH David (SGP),14,558,46.5,5,51.0
430,Fareed Ahmad (AFG),14,24,0.0,0,0.0
431,Fayyaz Butt (OMA),14,57,28.5,10,31.3
432,N Pradeep (SL),14,10,10.0,15,27.12
433,NJ Ferraby (JER),14,303,23.3,0,0.0
434,JN Frylinck (NAM),14,49,16.33,21,11.42
435,G Gambhir (IND),14,311,25.9,0,0.0
436,Hamid Hassan (AFG),14,17,0.0,0,0.0
437,Haris Sohail (PAK),14,210,19.1,0,0.0
438,BE Hendricks (SA),14,18,6.0,20,22.55
439,Ibrahim Hassan (MDV),14,42,6.0,14,25.7
440,DT Johnston (IRE),14,160,53.34,12,25.08
441,A Mansale (VAN),14,159,11.35,13,13.53
442,EJB Miles (JER),14,28,14.0,17,15.64
443,Mohamed Rishwan (MDV),14,327,25.16,0,0.0
444,JF Mooney (IRE),14,91,15.16,10,16.0
445,Mosaddek Hossain (BAN),14,183,20.33,5,32.0
446,TJ Murtagh (IRE),14,26,13.0,13,24.92
447,N Nipiko (VAN),14,312,26.0,24,12.95
448,Nouman Sarwar (QAT),14,172,57.34,18,14.83
449,NJ O'Brien (IRE),14,206,17.16,0,0.0
450,T Panyangara (ZIM),14,23,23.0,20,19.9
451,BM Scholtz (NAM),14,5,5.0,22,12.95
452,R Tari (VAN),14,137,15.22,0,0.0
453,Umar Adam (MDV),14,198,16.5,14,19.34
454,Umar Amin (PAK),14,142,15.77,0,0.0
455,J Vira (VAN),14,74,9.25,0,0.0
456,Ziaur Rahman (BAN),14,117,13.0,3,42.34
457,Abu Hider (BAN),13,58,58.0,6,55.0
458,Ameel Mauroof (MDV),13,49,9.8,7,38.56
459,Anamul Haque (BAN),13,355,32.28,0,0.0
460,SJ Baard (NAM),13,387,35.2,0,0.0
461,V Baskaran (SGP),13,18,9.0,7,36.84
462,DL Chahar (IND),13,1,0.0,0,0.0
463,DT Christian (AUS),13,23,0.0,0,0.0
464,S Dube (IND),13,105,17.5,5,43.2
465,RM Haq (SCOT),13,10,10.0,22,13.27
466,PW Hasaranga (SL),13,123,17.56,16,18.38
467,MC Henriques (AUS),13,219,36.5,7,27.0
468,GB Hogg (AUS),13,14,0.0,0,0.0
469,SD Hope (WI),13,238,21.62,0,0.0
470,DJ Hussey (AUS),13,170,14.16,4,31.25
471,Junaid Siddiqui (CAN),13,49,12.25,10,26.6
472,Junaid Siddique (UAE),13,5,0.0,0,0.0
473,H Klaasen (SA),13,271,24.62,0,0.0
474,TWM Latham (NZ),13,163,16.3,0,0.0
475,RE Levi (SA),13,236,21.45,0,0.0
476,MW Machan (SCOT),13,407,40.7,5,31.2
477,WP Masakadza (ZIM),13,36,9.0,13,25.45
478,Mehidy Hasan Miraz (BAN),13,94,10.44,4,82.5
479,EMDY Munaweera (SL),13,215,17.9,1,92.0
480,Naseem Khushi (OMA),13,119,17.0,0,0.0
481,Nazmul Islam (BAN),13,18,0.0,0,0.0
482,Noor Ali Zadran (AFG),13,307,25.58,0,0.0
483,AR Nurse (WI),13,85,42.5,8,39.75
484,J Rasu (VAN),13,374,28.77,5,8.8
485,R Rohan (SGP),13,209,17.4,0,0.0
486,S Snater (NED),13,18,3.6,13,25.92
487,CA Soper (PNG),13,37,18.5,14,10.92
488,JE Taylor (WI),13,71,14.2,10,39.0
489,RN ten Doeschate (NED),13,319,45.56,1,4.0
490,DT Tiripano (ZIM),13,92,13.14,11,32.0
491,B Ward (JER),13,215,23.88,10,24.9
492,CG Williams (NAM),13,249,27.66,9,15.77
493,Adnan Ilyas (OMA),12,258,23.45,0,0.0
494,Afif Hossain (BAN),12,113,12.55,6,20.16
495,Aftab Alam (AFG),12,2,1.0,11,29.45
496,Ashfaq Ahmed (UAE),12,238,19.83,2,17.0
497,PKD Chase (IRE),12,7,0.0,0,0.0
498,Chirag Suri (UAE),12,352,35.2,0,0.0
499,NS Dhaliwal (CAN),12,361,40.12,3,14.33
500,DAS Gunaratne (SL),12,225,25.0,5,40.8
501,Imrul Kayes (BAN),12,119,10.81,0,0.0
502,J Kila (PNG),12,60,30.0,3,33.0
503,JP Kotze (NAM),12,245,22.27,0,0.0
504,KS Leverock (BER),12,201,20.1,9,23.33
505,BR McDermott (AUS),12,98,14.0,0,0.0
506,SE Marsh (AUS),12,202,18.36,0,0.0
507,DJ Mitchell (NZ),12,103,12.87,5,17.8
508,Mohamed Arief (MAS),12,215,23.88,0,0.0
509,Mohammed Shami (IND),12,0,0.0,0,0.0
510,GBW Munaweera (QAT),12,26,0.0,0,0.0
511,Najeeb Tarakai (AFG),12,258,21.5,0,0.0
512,SH Obed (VAN),12,29,0.0,0,0.0
513,MA Ouma (KENYA),12,93,8.45,0,0.0
514,LN Rajbanshi (NEP),12,3,0.0,0,0.0
515,Ravinderpal Singh (CAN),12,266,33.25,0,0.0
516,K Santokie (WI),12,0,0.0,0,0.0
517,P Sarraf (NEP),12,104,11.55,2,37.5
518,JJ Smit (NAM),12,206,25.75,16,14.62
519,C Tommy (VAN),12,180,16.36,0,0.0
520,RJ Trott (BER),12,36,9.0,8,29.38
521,C Viljoen (NAM),12,68,17.0,20,11.8
522,JM Vince (ENG),12,340,28.33,0,0.0
523,CN Ackermann (NED),11,243,30.38,5,29.4
524,Ahmed Hassan (MDV),11,189,18.9,2,40.5
525,PS Airee (NEP),11,87,7.9,0,0.0
526,M Ansari (OMA),11,5,0.0,0,0.0
527,Anwar Rahman (MAS),11,5,1.66,13,11.61
528,MNM Aslam (KUW),11,134,26.8,15,14.2
529,Awais Ahmed (ESP),11,165,41.25,0,0.0
530,O Bascome (BER),11,147,13.36,0,0.0
531,OGL Bascome (BER),11,107,10.7,8,14.62
532,RW Chakabva (ZIM),11,158,15.8,0,0.0
533,K Christie (HKG),11,15,7.5,10,29.2
534,DAP Darrell (BER),11,80,8.88,0,0.0
535,XJ Doherty (AUS),11,18,18.0,10,30.0
536,N Dutta (CAN),11,15,15.0,11,23.0
537,LH Ferguson (NZ),11,1,0.0,0,0.0
538,DM Gondaria (KENYA),11,199,28.42,0,0.0
539,H Gori (CZK-R),11,337,30.62,11,19.81
540,BJ Haddin (AUS),11,67,11.16,0,0.0
541,Hamza Tahir (SCOT),11,0,0.0,0,0.0
542,Haris Rauf (PAK),11,0,0.0,0,0.0
543,Hassan Rasheed (MDV),11,142,14.2,0,0.0
544,D Heyliger (CAN),11,58,29.0,19,16.1
545,MEK Hussey (AUS),11,264,44.0,0,0.0
546,Iftikhar Ahmed (PAK),11,188,62.66,1,57.0
547,Imran Haider (UAE),11,4,0.0,0,0.0
548,Inam-ul-Haq (QAT),11,225,25.0,8,26.38
549,BA King (WI),11,153,15.3,0,0.0
550,EB Knowles (CZK-R),11,76,10.85,0,0.0
551,RAS Lakmal (SL),11,7,2.33,8,41.25
552,K Mendon (CZK-R),11,85,42.5,9,21.44
553,T Mishra (KENYA),11,160,14.54,3,11.0
554,Mohamed Mahfooz (MDV),11,42,8.4,8,32.75
555,C Munoz-Mills (ESP),11,76,19.0,0,0.0
556,Nasrulla Rana (HKG),11,15,0.0,0,0.0
557,Nazril Rahman (MAS),11,45,11.25,4,46.5
558,JL Ontong (SA),11,138,17.25,0,0.0
559,R Panchal (ESP),11,206,41.2,8,23.25
560,AR Patel (IND),11,68,17.0,9,29.44
561,RK Paudel (NEP),11,80,10.0,0,0.0
562,D Pretorius (SA),11,135,33.75,7,34.84
563,DMW Rawlins (BER),11,261,23.72,5,57.0
564,Saad Bin Zafar (CAN),11,43,14.33,17,16.77
565,B Shikongo (NAM),11,0,0.0,0,0.0
566,Shiraz Khan (KUW),11,47,7.83,6,35.0
567,Sidhant Singh (SGP),11,178,25.42,6,36.0
568,Sikander Zulfiqar (NED),11,68,9.71,3,26.33
569,JT Smuts (SA),11,166,15.09,1,138.0
570,AJ Turner (AUS),11,57,14.25,3,14.0
571,BV Vitori (ZIM),11,8,0.0,0,0.0
572,MA Wood (ENG),11,10,0.0,0,0.0
573,Yasir Ali (ESP),11,325,46.4,6,17.16
574,Ahmed Wardak (GER),10,27,13.5,14,14.0
575,DI Allan (KENYA),10,86,8.6,4,20.5
576,Amir Ali (OMA),10,97,19.4,1,67.0
577,Amir Mangal (GER),10,142,20.28,1,57.0
578,Arafat Sunny (BAN),10,34,11.33,12,19.16
579,Asad Mohammad (GER),10,12,0.0,0,0.0
580,LJ Barker (GUE),10,63,7.87,0,0.0
581,J Butler (GUE),10,238,34.0,0,0.0
582,C Carter (HKG),10,55,13.75,0,0.0
583,DDP D'Silva (UAE),10,130,32.5,0,0.0
584,K Dasan (BUL),10,237,29.62,4,13.0
585,AC Douglas (BER),10,138,17.25,5,6.0
586,LB Ferbrache (GUE),10,138,17.25,0,0.0
587,TS Fray (BER),10,73,8.11,0,0.0
588,Z Groenewald (NAM),10,20,6.66,8,20.38
589,PD Hennessy (ESP),10,214,30.56,9,9.55
590,Hilal Ahmad (CZK-R),10,50,6.25,0,0.0
591,Kuldeep Lal (ESP),10,80,20.0,4,33.75
592,LC Le Tissier (GUE),10,38,0.0,0,0.0
593,PK Matautaava (VAN),10,265,26.5,9,22.11
594,BJ McCarthy (IRE),10,29,7.25,11,33.62
595,P Mishra (BUL),10,86,10.75,13,16.0
596,Mohamed Azzam (MDV),10,81,11.57,0,0.0
597,Mohammad Hasnain (PAK),10,5,5.0,7,42.4
598,Mohammad Sami (PAK),10,16,0.0,0,0.0
599,Muhamad Syahadat (MAS),10,122,20.33,11,11.54
600,Naveed Ahmed (CZK-R),10,2,2.0,5,19.6
601,LN Oluoch (KENYA),10,26,8.66,10,20.9
602,K Pierre (WI),10,17,8.5,7,38.4
603,Qadeer Ahmed (UAE),10,7,7.0,9,28.11
604,Rahmanullah Gurbaz (AFG),10,332,33.2,0,0.0
605,CAK Rajitha (SL),10,8,0.0,0,0.0
606,Raza Hasan (PAK),10,18,0.0,0,0.0
607,NA Saini (IND),10,11,0.0,0,0.0
608,Shafiq Sharif (MAS),10,225,22.5,0,0.0
609,Sohag Gazi (BAN),10,57,14.25,4,74.75
610,Syazrul Idrus (MAS),10,10,5.0,17,15.17
611,GJ Thompson (IRE),10,107,15.28,0,0.0
612,JD Unadkat (IND),10,0,0.0,0,0.0
613,JDF Vandersay (SL),10,15,15.0,6,43.66
614,W Viraliliu (VAN),10,34,8.5,5,32.8
615,Abdul-Shakoor Rahimzei (GER),9,102,17.0,7,14.42
616,Aftab Hussain (HKG),9,6,0.0,0,0.0
617,Ariful Haque (BAN),9,59,14.75,1,13.0
618,Atif Mehmood (ESP),9,5,0.0,0,0.0
619,T Banton (ENG),9,205,22.77,0,0.0
620,TS Bharaj (DEN),9,52,6.5,0,0.0
621,Meet Bhavsar (KUW),9,104,17.33,0,0.0
622,Bilawal Bhatti (PAK),9,23,11.5,5,51.0
623,DE Bollinger (AUS),9,1,0.0,0,0.0
624,HL Carlyon (JER),9,156,19.5,3,14.0
625,VB Chikkannaiah (GER),9,199,24.88,0,0.0
626,MD Dai (PNG),9,105,13.12,4,39.25
627,CJ Dala (SA),9,19,19.0,13,21.69
628,H Davids (SA),9,161,17.88,1,13.0
629,Delawar Khan (DEN),9,47,6.71,7,18.42
630,GDR Eranga (CAN),9,1,0.0,0,0.0
631,Faran Afzal (ESP),9,141,20.14,8,17.88
632,SP Gauchan (NEP),9,13,4.33,8,21.12
633,OD Hald (DEN),9,61,8.71,9,12.55
634,JR Hazlewood (AUS),9,0,0.0,0,0.0
635,DR Hooper (GUE),9,76,15.2,9,23.44
636,Imran Nazir (PAK),9,176,19.55,0,0.0
637,KM Jadhav (IND),9,122,20.33,0,0.0
638,Junaid Khan (PAK),9,3,0.0,0,0.0
639,JH Kallis (SA),9,154,38.5,7,14.85
640,UT Khawaja (AUS),9,241,26.77,0,0.0
641,Khizar Hayat (MAS),9,104,17.33,13,18.77
642,ND Laegsgaard (DEN),9,105,15.0,9,11.66
643,T Maruma (ZIM),9,82,16.4,0,0.0
644,SF Mire (ZIM),9,253,31.62,1,115.0
645,A Mishra (IND),9,0,0.0,0,0.0
646,Mohammad Amin (KUW),9,93,23.25,1,18.0
647,JN Mohammed (WI),9,90,18.0,0,0.0
648,Muhammad Kaleem (UAE),9,97,10.77,0,0.0
649,B Muzarabani (ZIM),9,6,6.0,13,22.45
650,T Muzarabani (ZIM),9,0,0.0,0,0.0
651,W Nalisa (VAN),9,2,2.0,5,35.4
652,PM Nevill (AUS),9,25,25.0,0,0.0
653,Nurul Hasan (BAN),9,78,19.5,0,0.0
654,AA Onikoyi (NGA),9,119,14.87,0,0.0
655,CN Onwuzulike (NGA),9,122,15.25,0,0.0
656,JDP Oram (NZ),9,78,19.5,7,32.72
657,TD Paine (AUS/World),9,81,13.5,0,0.0
658,WA Peatfield (GUE),9,8,8.0,12,18.5
659,KP Pietersen (ENG),9,265,37.84,0,0.0
660,S Pokhriyal (CZK-R),9,200,25.0,1,23.0
661,JB Reva (PNG),9,16,0.0,0,0.0
662,JA Richardson (AUS),9,13,13.0,9,31.88
663,Sagar Pun (NEP),9,90,10.0,6,21.83
664,HAM Shah (DEN),9,172,21.5,5,17.2
665,Shamsur Rahman (BAN),9,86,10.75,0,0.0
666,V Shankar (IND),9,101,25.25,5,38.2
667,H Singh (GER),9,150,30.0,0,0.0
668,TB Sole (SCOT),9,69,17.25,6,22.83
669,AJ Staal (NED),9,97,16.16,0,0.0
670,MWR Stokes (GUE),9,127,18.14,0,0.0
671,RML Taylor (SCOT),9,85,28.33,5,39.2
672,S Vijayakumar (SGP),9,2,0.0,0,0.0
673,S Wickramasekara (CZK-R),9,294,42.0,6,36.0
674,Aaron Jones (USA),8,81,20.25,2,14.0
675,Abdul Wahid (KSA),8,43,10.75,9,18.0
676,Abdul Hashmi (DEN),8,70,17.5,0,0.0
677,KK Ahuja (Mex),8,28,0.0,0,0.0
678,CM Akachukwu (NGA),8,14,0.0,0,0.0
679,Ammad Uddin (BHR),8,176,29.33,0,0.0
680,Anasim Khan (BHR),8,51,10.2,0,0.0
681,R Ankad (Mex),8,68,17.0,5,35.6
682,Aritra Dutta (SGP),8,116,14.5,0,0.0
683,Asad Shafiq (PAK),8,178,22.25,0,0.0
684,Baljit Singh (ITA),8,4,0.0,0,0.0
685,T Bavuma (SA),8,249,35.56,0,0.0
686,S Bhari (NEP),8,1,0.5,7,25.14
687,CK Coventry (ZIM),8,79,11.28,0,0.0
688,SM Curran (ENG),8,43,10.75,9,26.66
689,TN de Grooth (NED),8,67,16.75,0,0.0
690,CD de Lange (SCOT),8,35,11.66,8,21.38
691,DC Delany (IRE),8,7,0.0,0,0.0
692,BFW de Leede (NED),8,98,16.33,0,0.0
693,JL Denly (ENG),8,105,21.0,6,14.0
694,GD Drummond (SCOT),8,0,0.0,0,0.0
695,FH Edwards (WI),8,7,7.0,6,31.5
696,Fiaz Ahmed (BHR),8,166,33.2,0,0.0
697,P Florin (ROM),8,19,6.33,6,11.33
698,G Goudie (SCOT),8,21,7.0,7,29.14
699,NA Greenwood (JER),8,154,19.25,1,14.0
700,L Gregory (ENG),8,35,7.0,1,92.0
701,TGJ Gruijters (NED),8,51,25.5,3,24.66
702,R Gunasekera (CAN),8,202,25.25,0,0.0
703,OJ Hairs (SCOT),8,105,15.0,0,0.0
704,AS Hansra (CAN),8,82,13.66,7,13.42
705,JW Hastings (AUS),8,31,10.33,7,32.72
706,R Hekure (PNG),8,6,2.0,1,37.0
707,Ibrahim Rizan (MDV),8,23,7.66,1,92.0
708,Imran Anwar (BHR),8,35,11.66,10,21.2
709,Imran Ali Butt (BHR),8,127,15.87,0,0.0
710,Irfan Ahmed (HKG),8,76,9.5,11,17.27
711,B Ivanov (BUL),8,45,22.5,0,0.0
712,H Ivanov (BUL),8,39,9.75,0,0.0
713,DF Jacobs (THA),8,101,12.62,4,6.5
714,MO Jones (BER),8,81,16.2,4,29.0
715,LM Jongwe (ZIM),8,60,8.57,7,30.14
716,HJ Jordaan (THA),8,166,23.7,0,0.0
717,Kaleemullah (OMA),8,24,8.0,3,56.66
718,SP Khakurel (NEP),8,112,14.0,0,0.0
719,Khalid Latif (PAK),8,207,34.5,0,0.0
720,B Lee (AUS),8,10,10.0,11,23.62
721,NA Maiolo (ITA),8,106,17.66,7,21.7
722,Manpreet Singh (ITA),8,83,13.83,0,0.0
723,GP Meade (ITA),8,57,11.4,0,0.0
724,J Mees (LUX),8,137,34.25,0,0.0
725,Misbah-ul-Haq (PAK),8,151,37.75,0,0.0
726,Mohammad Ashraful (BAN),8,185,23.12,0,0.0
727,J Mulder (IRE),8,6,3.0,12,16.0
728,GRD Munasinghe (ITA),8,5,1.66,9,21.22
729,Muslim Yar (GER),8,2,0.0,0,0.0
730,SN Netravalkar (USA),8,19,19.0,4,40.25
731,GH O'Brien (BER),8,18,0.0,0,0.0
732,IO Okpe (NGA),8,84,10.5,6,31.33
733,SA Okpe (NGA),8,25,5.0,6,15.66
734,AM Oyede (NGA),8,73,10.42,1,44.0
735,NMS Param (SGP),8,160,32.0,2,27.5
736,MD Patel (USA),8,85,12.14,0,0.0
737,D Paterson (SA),8,5,5.0,9,29.44
738,IK Pathan (IND),8,39,19.5,12,18.58
739,N Pathan (THA),8,149,21.28,3,26.33
740,BBJL Perera (ITA),8,208,34.66,0,0.0
741,Rakibul Hasan (ITA),8,14,4.66,8,18.38
742,SHA Rance (NZ),8,10,0.0,0,0.0
743,MJ Ross (ITA),8,56,14.0,7,17.14
744,Rumman Raees (PAK),8,0,0.0,0,0.0
745,HD Rutherford (NZ),8,151,21.56,0,0.0
746,Sahir Naqash (GER),8,78,15.6,4,16.75
747,JRMVB Sanjaya (SL),8,20,0.0,0,0.0
748,Sarfaraz Ali (BHR),8,253,31.62,4,33.75
749,R Satheesan (ROM),8,220,55.0,9,7.88
750,JNK Shannon (IRE),8,111,13.87,0,0.0
751,Sharafuddin Ashraf (AFG),8,28,9.33,5,40.2
752,MM Sharma (IND),8,3,0.0,0,0.0
753,Shoaib Ali (KSA),8,15,0.0,0,0.0
754,ACF Stokes (GUE),8,31,6.2,5,34.2
755,JTS Sumerauer (JER),8,34,6.8,7,22.14
756,Tarun Sharma (Mex),8,164,23.42,0,0.0
757,SR Taylor (USA),8,265,37.84,3,23.33
758,RA Thomas (CAN),8,73,10.42,0,0.0
759,Usman Ali (KSA),8,17,0.0,0,0.0
760,LV van Beek (NED),8,7,2.33,5,32.0
761,JNT Vare (PNG),8,68,9.71,0,0.0
762,Vichanath Singh (THA),8,7,2.33,4,38.0
763,V Vijh (LUX),8,185,30.83,6,30.83
764,TC Vine (ESP),8,6,0.0,0,0.0
765,T Whiteman (LUX),8,98,32.66,1,38.0
766,CR Woakes (ENG),8,91,30.33,7,36.12
767,AS Wright (GUE),8,72,10.28,0,0.0
768,SA Abbott (AUS),7,17,17.0,4,37.5
769,Abraash Khan (CAN),7,66,16.5,0,0.0
770,VD Adewoye (NGA),7,47,11.75,6,22.5
771,Aminul Islam (BAN),7,22,0.0,0,0.0
772,SE Aquilina (MLT),7,26,5.2,0,0.0
773,JC Archer (ENG),7,0,0.0,0,0.0
774,Arshad Hayat (CZK-R),7,2,0.0,0,0.0
775,Ashiqullah Said (Belg),7,7,3.5,11,13.18
776,MA Baig (MWI),7,5,0.0,0,0.0
777,Bakhtiar Tahiri (BUL),7,159,26.5,4,38.5
778,J Barker (LUX),7,89,14.83,0,0.0
779,JP Behrendorff (AUS),7,0,0.0,0,0.0
780,SJ Benn (WI),7,0,0.0,0,0.0
781,HK Bennett (NZ),7,1,0.0,0,0.0
782,Bilal Tahir (KUW),7,80,13.33,0,0.0
783,D Bishoo (WI),7,17,0.0,0,0.0
784,CJ Boyce (AUS),7,4,0.0,0,0.0
785,DR Briggs (ENG),7,0,0.0,0,0.0
786,J Bulele (MOZ),7,65,9.28,4,26.75
787,NM Carter (SCOT),7,4,0.0,0,0.0
788,MNR Cooray (MDV),7,170,34.0,8,21.75
789,BCJ Cutting (AUS/World),7,40,10.0,3,71.7
790,KC D'Souza (BUL),7,86,28.66,0,0.0
791,F Damiao Couana (MOZ),7,233,38.84,6,19.66
792,G Dutta (Mex),7,14,0.0,0,0.0
793,Elias Sunny (BAN),7,9,0.0,0,0.0
794,M Faheem (THA),7,3,0.0,0,0.0
795,Faisal Khan (KSA),7,206,34.34,3,24.33
796,GF Gomes (MOZ),7,44,8.8,0,0.0
797,JOA Gordon (CAN),7,3,0.0,0,0.0
798,Haider Ali (PAK),7,176,29.33,0,0.0
799,Haroon Mughal (MLT),7,105,21.0,1,31.0
800,BJ Hodge (AUS),7,89,22.25,1,23.0
801,Z Hoque (THA),7,95,15.83,4,30.5
802,JJ Huo (MOZ),7,58,8.28,3,18.66
803,Ilyas Ahmed (KUW),7,2,2.0,11,16.72
804,Imran Ismail (MOZ),7,63,9.0,0,0.0
805,J Jojo (DEN),7,36,18.0,2,49.0
806,Kaleem Shah (MOZ),7,176,29.33,3,43.34
807,TE Kane (IRE),7,36,18.0,9,15.88
808,D Kansonkho (MWI),7,38,9.5,1,60.0
809,S Kaveri (Mex),7,114,22.8,6,11.66
810,Khurram Shahzad (QAT),7,17,4.25,0,0.0
811,Khushdil Shah (PAK),7,103,25.75,0,0.0
812,A Krishna (SGP),7,5,0.0,0,0.0
813,P Kumar (IND),7,1,0.0,0,0.0
814,CBRLS Kumara (SL),7,5,0.0,0,0.0
815,UKPW Kumaranayaka (KUW),7,0,0.0,0,0.0
816,I Liyanage (QAT),7,103,17.16,0,0.0
817,R McLaren (SA),7,1,0.0,0,0.0
818,Mamoon Latif (Belg),7,86,12.28,1,14.0
819,XM Marshall (USA),7,87,12.42,0,0.0
820,ZE Matsinhe (MOZ),7,10,3.33,7,14.42
821,M Mooketsi (BOT),7,8,0.0,0,0.0
822,M Mosehle (SA),7,105,21.0,0,0.0
823,K Motlhanka (BOT),7,115,16.42,0,0.0
824,Mudassar Muhammad (GER),7,112,16.0,0,0.0
825,Muhammad Naeem (KSA),7,125,31.25,0,0.0
826,D Muhumuza (UGA),7,114,19.0,6,14.16
827,Murid Ekrami (Belg),7,45,15.0,3,34.34
828,R Nehonde (BOT),7,61,10.16,0,0.0
829,OE Newey (GUE),7,55,11.0,0,0.0
830,JO Ngoche (KENYA),7,4,0.0,0,0.0
831,D Nikolov (BUL),7,22,7.33,3,24.33
832,A Otwani (UGA),7,141,20.14,0,0.0
833,HH Patel (MWI),7,137,27.4,2,52.0
834,H Patel (CAN),7,92,13.14,2,18.0
835,RB Patel (BUL),7,3,0.0,0,0.0
836,TK Patel (USA),7,17,0.0,0,0.0
837,RW Price (ZIM),7,10,5.0,2,107.0
838,PBB Rajapaksa (SL),7,140,28.0,0,0.0
839,Rehman Abdul (ITA),7,102,51.0,0,0.0
840,Saber Zakhil (Belg),7,160,26.66,6,27.33
841,Sajid Cheema (KSA),7,142,20.28,0,0.0
842,S Samarawickrama (SL),7,97,13.85,0,0.0
843,Sami Sohail (MWI),7,115,115.0,14,11.71
844,SV Samson (IND),7,83,11.85,0,0.0
845,Shaheryar Butt (Belg),7,294,73.5,0,0.0
846,Simandeep Singh (HKG),7,33,6.6,0,0.0
847,H Ssenyondo (UGA),7,0,0.0,0,0.0
848,P Taylor (CZK-R),7,11,11.0,8,18.0
849,J Umanath (Mex),7,69,11.5,0,0.0
850,C Waiswa (UGA),7,20,20.0,11,19.19
851,UT Yadav (IND),7,2,0.0,0,0.0
852,C Zavoiu (ROM),7,59,11.8,4,4.5
853,Zulfiqar Babar (PAK),7,27,0.0,0,0.0
854,Abdul Razzaq (PAK),6,47,11.75,2,17.5
855,Abdul Shakoor (UAE),6,35,17.5,0,0.0
856,S Adedeji (NGA),6,89,22.25,0,0.0
857,Adnan Idrees (KUW),6,259,43.16,1,67.0
858,A Ahmadhel (BUL),6,26,8.66,6,20.66
859,Ahsan Abbasi (HKG),6,80,13.33,0,0.0
860,D Ajekun (NGA),6,55,9.16,4,19.0
861,Anique Uddin (DEN),6,64,10.66,2,7.0
862,Z Arinaitwe (UGA),6,50,8.33,0,0.0
863,A Ashokan (CZK-R),6,92,15.33,2,56.5
864,HS Baidwan (CAN),6,48,9.6,8,20.75
865,B Banerjee (Mex),6,8,4.0,0,0.0
866,CD Barnwell (WI),6,78,19.5,1,51.0
867,TL Best (WI),6,17,0.0,0,0.0
868,DE Budge (SCOT),6,60,30.0,0,0.0
869,DP Conway (NZ),6,174,58.0,0,0.0
870,M Cope (LUX),6,23,11.5,10,17.5
871,FA Cossa (MOZ),6,82,20.5,2,55.0
872,S Davizi (CZK-R),6,237,39.5,7,6.14
873,LA Dawson (ENG),6,17,17.0,5,30.4
874,M de Lange (SA),6,0,0.0,0,0.0
875,IA De Silva (BUL),6,101,20.2,0,0.0
876,AB Dinda (IND),6,3,0.0,0,0.0
877,Fahad Tariq (UAE),6,19,4.75,0,0.0
878,Faizan Asif (UAE),6,80,13.33,0,0.0
879,Farhad Reza (BAN),6,22,0.0,0,0.0
880,BOP Fernando (SL),6,109,27.25,0,0.0
881,V Ganesan (GER),6,36,7.2,2,40.0
882,WT Gavera (PNG),6,3,0.0,0,0.0
883,D Gim (NGA),6,17,8.5,2,32.5
884,Jandu Hamoud (KUW),6,2,0.0,0,0.0
885,Harbhajan Singh (IND),6,24,24.0,9,13.0
886,MJ Henry (NZ),6,10,10.0,7,27.28
887,S Hirugade (Mex),6,74,12.33,6,15.33
888,AF Ifill (CAY),6,37,0.0,0,0.0
889,MM Iqbal (SCOT),6,46,15.33,2,29.5
890,S Jamil (Belg),6,53,8.83,0,0.0
891,MG Johnson (AUS),6,33,33.0,8,26.38
892,S Jora (NEP),6,101,20.2,0,0.0
893,G Kansonkho (MWI),6,26,13.0,0,0.0
894,P Kerai (KENYA),6,0,0.0,0,0.0
895,JS Kundi (KENYA),6,9,0.0,0,0.0
896,Kushal Malla (NEP),6,62,15.5,1,58.0
897,H Lakov (BUL),6,85,17.0,2,75.5
898,NCK Liyanage (MAS),6,8,0.0,0,0.0
899,T Lungameni (NAM),6,2,0.0,0,0.0
900,NJ Maddinson (AUS),6,45,11.25,0,0.0
901,RP Magar (NEP),6,52,8.66,0,0.0
902,S Mahmood (ENG),6,7,0.0,0,0.0
903,D Maisuria (BOT),6,6,6.0,11,11.0
904,JS Malhotra (USA),6,112,18.66,0,0.0
905,G Manan (ROM),6,98,19.6,0,0.0
906,P Manning (CAY),6,56,11.2,2,26.5
907,Mohammad Ahsan (KUW),6,19,0.0,0,0.0
908,Mohammad Naim (BAN),6,219,36.5,0,0.0
909,Mohammed Nurji (MWI),6,101,50.5,0,0.0
910,Mominul Haque (BAN),6,60,20.0,0,0.0
911,A Morris (CAY),6,5,2.5,6,19.0
912,RG Mukasa (UGA),6,63,10.5,0,0.0
913,Mukhtar Ahmed (PAK),6,192,32.0,0,0.0
914,TK Musakanda (ZIM),6,98,16.33,0,0.0
915,F Nsubuga (UGA),6,19,0.0,0,0.0
916,SNJ O'Keefe (AUS),6,27,6.75,3,40.0
917,AK Perera (SL),6,59,11.8,0,0.0
918,T Perera (BOT),6,101,16.83,0,0.0
919,S Periyalwar (ROM),6,154,51.34,0,0.0
920,R Pillai (GER),6,28,7.0,0,0.0
921,S Rakshit (CZK-R),6,40,10.0,2,49.5
922,AT Rayudu (IND),6,42,10.5,0,0.0
923,WJR Robertson (JER),6,1,0.0,0,0.0
924,SI Runsewe (NGA),6,74,14.8,2,11.5
925,SE Rutherford (WI),6,43,10.75,1,49.0
926,Saqib Zulfiqar (NED),6,34,8.5,2,30.5
927,Saqlain Haider (UAE),6,14,0.0,0,0.0
928,YSD Seneveratne (CAY),6,48,8.0,0,0.0
929,L Shafeeg (MDV),6,19,9.5,6,23.5
930,Shamsudheen Purat (KSA),6,118,29.5,0,0.0
931,L Sipamla (SA),6,0,0.0,0,0.0
932,DC Stovell (BER),6,42,8.4,4,31.5
933,GM Strydom (CAY),6,97,16.16,0,0.0
934,Sulaiman Ali (BUL),6,85,14.16,5,22.6
935,ES Szwarczynski (NED),6,48,12.0,0,0.0
936,Tauqeer Hussain (ESP),6,6,6.0,6,14.33
937,T Taylor (CAY),6,71,17.75,2,37.0
938,VE Tembo (MOZ),6,45,15.0,0,0.0
939,BM Tickner (NZ),6,5,0.0,0,0.0
940,RJW Topley (ENG),6,1,0.0,0,0.0
941,Usama Master (MWI),6,15,7.5,5,21.2
942,Usman Waheed (KUW),6,64,21.33,0,0.0
943,MN van Wyk (SA),6,224,44.8,0,0.0
944,S Vashisht (ROM),6,13,13.0,6,14.33
945,DL Vettori (NZ),6,18,9.0,3,56.0
946,R Vinay Kumar (IND),6,2,0.0,0,0.0
947,D Weston (GER),6,47,7.83,0,0.0
948,BM Wheeler (NZ),6,37,18.5,7,30.84
949,AR White (IRE),6,6,0.0,0,0.0
950,C Wright (CAY),6,26,8.66,2,26.5
951,HN Ya France (NAM),6,18,6.0,2,41.0
952,Yasir Arafat (PAK),6,28,7.0,10,12.1
953,Zishan Shah (DEN),6,88,22.0,0,0.0
954,M Abdulla (MWI),5,112,37.34,6,12.66
955,Abdullah Akbarjan (Aut),5,29,29.0,6,12.0
956,AS Abioye (NGA),5,0,0.0,0,0.0
957,Abul Hasan (BAN),5,14,0.0,0,0.0
958,AG Achar (SGP),5,2,0.0,0,0.0
959,SA Ahmad (DEN),5,46,23.0,4,10.0
960,Aizaz Cheema (PAK),5,0,0.0,0,0.0
961,TP Allen (USA),5,27,13.5,1,28.0
962,Amjad Ali (UAE),5,42,10.5,0,0.0
963,Amjad Sher (FIN),5,56,11.2,5,17.6
964,Aphsal Ashraf (KUW),5,53,26.5,2,20.5
965,Aqib Iqbal (Aut),5,6,0.0,0,0.0
966,V Aravind (UAE),5,19,9.5,0,0.0
967,P Arrighi (Arg),5,16,4.0,10,8.4
968,U Aryaman Sunil (SGP),5,37,9.25,4,21.75
969,Awais Zia (PAK),5,70,14.0,0,0.0
970,L Balaji (IND),5,0,0.0,0,0.0
971,P Baron (Arg),5,43,14.33,0,0.0
972,P Bhart (NOR),5,3,3.0,3,22.66
973,Bilal Zalmai (Aut),5,208,69.3,9,7.33
974,DL Brangman (BER),5,23,11.5,1,84.0
975,G Chaturvedi (MLT),5,101,25.25,0,0.0
976,NG Collins (FIN),5,151,30.2,0,0.0
977,H Dandapani (FIN),5,8,0.0,0,0.0
978,M Dixit (LUX),5,56,18.66,2,59.5
979,BR Dunk (AUS),5,99,19.8,0,0.0
980,KR Ebanks (CAY),5,15,0.0,0,0.0
981,Ehsan Nawaz (HKG),5,0,0.0,0,0.0
982,AM Ellis (NZ),5,25,8.33,2,52.5
983,L Emilio (MOZ),5,44,11.0,0,0.0
984,R Escobar (Arg),5,68,22.66,0,0.0
985,H Fennell (Arg),5,27,9.0,8,7.12
986,A Ferguson (Arg),5,88,44.0,0,0.0
987,R Gaznavi (SGP),5,12,0.0,0,0.0
988,AM Guruge (UAE),5,3,3.0,5,25.0
989,Hammad Azam (PAK),5,34,11.33,0,0.0
990,C Hauptfleisch (CAY),5,69,13.8,0,0.0
991,L Hermida (Mex),5,35,11.66,8,11.75
992,H Hiri (PNG),5,9,0.0,0,0.0
993,A Husain (Arg),5,2,0.0,0,0.0
994,DP Hyatt (WI),5,64,16.0,0,0.0
995,Ibrarul Haq (KSA),5,69,17.25,7,16.56
996,Ijaz Hussain (ROM),5,80,26.66,5,22.8
997,CA Ingram (SA),5,118,23.6,0,0.0
998,Jaspreet Singh (ITA),5,19,9.5,1,53.0
999,K Joshi (Aut),5,41,20.5,0,0.0
1000,Junaid Sheikh (NOR),5,19,0.0,0,0.0
1001,Z Khan (IND),5,0,0.0,0,0.0
1002,Khizer Ahmed (NOR),5,32,16.0,0,0.0
1003,NR Kirton (CAN),5,75,25.0,0,0.0
1004,AK Kitchen (NZ),5,38,12.66,2,23.0
1005,A Lark (Aut),5,110,27.5,4,13.75
1006,CJ McKay (AUS),5,13,0.0,0,0.0
1007,W Madhevere (ZIM),5,107,26.75,1,57.0
1008,SW Masakadza (ZIM),5,17,0.0,0,0.0
1009,Md Nurul Huda (FIN),5,50,25.0,9,13.11
1010,CAJ Meschede (GER),5,179,44.75,6,19.16
1011,TS Mills (ENG/ICC),5,0,0.0,0,0.0
1012,Mohammad Adnan (KSA),5,60,0.0,0,0.0
1013,Mohammad Ghazanfar (HKG),5,10,10.0,3,28.33
1014,AK Mohan (FIN),5,82,16.4,0,0.0
1015,VV Morea (PNG),5,35,7.0,0,0.0
1016,Muaviath Ganee (MDV),5,42,10.5,0,0.0
1017,Muhammad Khurram (MWI),5,4,0.0,0,0.0
1018,Muhammad Nadeem (KSA),5,48,16.0,5,9.8
1019,JM Muirhead (AUS),5,4,0.0,0,0.0
1020,T Munyonga (ZIM),5,45,45.0,0,0.0
1021,N M'shangwe (ZIM),5,5,5.0,4,35.5
1022,LA Musiani (Arg),5,40,10.0,2,34.5
1023,A Nanda (LUX),5,7,0.0,0,0.0
1024,A Nathwani (Aut),5,1,0.0,0,0.0
1025,Naveen-ul-Haq (AFG),5,7,0.0,0,0.0
1026,A Neill (SCOT),5,0,0.0,0,0.0
1027,HM Nicholls (NZ),5,19,0.0,0,0.0
1028,A Nortje (SA),5,2,0.0,0,0.0
1029,H Osinde (CAN),5,28,9.33,4,34.5
1030,VS Padhaal (FIN),5,31,6.2,0,0.0
1031,SD Parry (ENG),5,1,0.0,0,0.0
1032,SS Pathirana (SL),5,27,5.4,5,23.8
1033,C Pengkumta (THA),5,29,14.5,0,0.0
1034,A Pusthay (FIN),5,72,14.4,2,45.0
1035,Raja Adeel (ESP),5,0,0.0,0,0.0
1036,Ravinder Singh (MLT),5,48,16.0,1,72.0
1037,Raza-ur-Rehman (CAN),5,25,6.25,2,29.0
1038,Raza Iqbal (NOR),5,87,17.4,5,17.0
1039,Razmal Shigiwal (Aut),5,100,33.34,0,0.0
1040,MJ Richardson (GER),5,115,57.5,0,0.0
1041,CP Rizwan (UAE),5,80,20.0,0,0.0
1042,Rizwan Mahmood (DEN),5,76,19.0,0,0.0
1043,S Rossi (Arg),5,29,9.66,4,5.25
1044,JD Ryder (NZ),5,127,42.34,0,0.0
1045,S Saeed (MDV),5,2,0.0,0,0.0
1046,MM Sarwar (KUW),5,9,0.0,0,0.0
1047,Sayed Monib (KUW),5,19,9.5,7,19.0
1048,V Sehwag (IND),5,81,16.2,0,0.0
1049,Shahbaz Badar (BHR),5,66,13.2,0,0.0
1050,A Sharafu (UAE),5,34,11.33,0,0.0
1051,D Sheeli (KUW),5,41,8.2,0,0.0
1052,ZK Shem (VAN),5,1,0.0,0,0.0
1053,Shoaib Qureshi (FIN),5,27,6.75,6,18.16
1054,Shuvagata Hom (BAN),5,35,17.5,2,35.5
1055,S Smith (BER),5,14,0.0,0,0.0
1056,JH Stander (SCOT),5,41,10.25,2,21.0
1057,Tafseer Ali (NOR),5,31,10.33,1,37.0
1058,Tanveer Ahmed (HKG),5,7,7.0,3,38.66
1059,J Theron (SA),5,32,0.0,0,0.0
1060,JJ Tucker (BER),5,94,23.5,1,62.0
1061,E Ul Haq (NOR),5,21,4.2,0,0.0
1062,Usman Patel (KUW),5,122,40.66,0,0.0
1063,PJ van Biljon (SA),5,31,15.5,0,0.0
1064,R van der Merwe (Arg),5,1,0.0,0,0.0
1065,DV Varghese (BUL),5,3,0.0,0,0.0
1066,S Waqas Ahmed (NOR),5,9,4.5,5,16.6
1067,Waseem Abbas (MLT),5,33,33.0,2,66.0
1068,SMK Waththage (CZK-R),5,3,0.0,0,0.0
1069,AA Westphal (Mex),5,33,6.6,5,13.0
1070,BTJ Wheal (SCOT),5,2,0.0,0,0.0
1071,Zeeshan Siddiqui (OMA),5,60,15.0,0,0.0
1072,Zulqarnain Haider (ESP),5,0,0.0,0,0.0
1073,Aamer Ikram (PORT),4,58,14.5,0,0.0
1074,Abdul Majid Malik (BHR),4,15,15.0,8,9.75
1075,Abdul Shakoor (ROM),4,27,13.5,0,0.0
1076,IKO Aboagye (GHA),4,16,0.0,0,0.0
1077,Abrar Bilal (Aut),4,55,27.5,0,0.0
1078,F Achelam (UGA),4,12,0.0,0,0.0
1079,Adil Hanif (BHR),4,24,12.0,0,0.0
1080,Ainool Haqqiem (MAS),4,20,20.0,0,0.0
1081,Ali Naqi (PORT),4,0,0.0,0,0.0
1082,HS Alta (TKY),4,1,0.33,0,0.0
1083,Ameer Saiyed (BOT),4,38,12.66,0,0.0
1084,Amir Hayat (UAE),4,3,0.0,0,0.0
1085,Amjad Khan (UAE),4,28,9.33,0,0.0
1086,J Anderson (IRE),4,12,0.0,0,0.0
1087,DK Anefie (GHA),4,34,17.0,0,0.0
1088,DNA Ankrah (GHA),4,22,7.33,2,42.5
1089,Anowarul Islam (THA),4,15,0.0,0,0.0
1090,Ansar Iqbal (NOR),4,64,16.0,0,0.0
1091,S Appu (MLT),4,8,0.0,0,0.0
1092,S Arachchige (ITA),4,0,0.0,0,0.0
1093,B Arora (MLT),4,64,16.0,1,75.0
1094,V Ateak (GHA),4,1,0.0,0,0.0
1095,Atif Kamal (LUX),4,11,3.66,2,45.0
1096,R Avery (BRA),4,10,0.0,0,0.0
1097,F Baaleri (GHA),4,42,10.5,0,0.0
1098,KS Bagabena (GHA),4,32,32.0,0,0.0
1099,JD Baker (Samoa),4,18,0.0,0,0.0
1100,R Bakum (GHA),4,45,11.25,0,0.0
1101,TC Barker (LUX),4,27,6.75,0,0.0
1102,Bashir Shah (DEN),4,2,0.0,0,0.0
1103,Basil Hameed (UAE),4,37,12.33,0,0.0
1104,A Bhagwat (HKG),4,5,0.0,0,0.0
1105,RA Bhatti (CAN),4,25,8.33,0,0.0
1106,SR Bhudia (KENYA),4,4,0.0,0,0.0
1107,MP Biddappa (PHI),4,35,35.0,0,0.0
1108,K Birkenstock (NAM),4,64,32.0,0,0.0
1109,PRP Boissevain (NED),4,7,7.0,3,38.66
1110,PR Brown (ENG),4,4,0.0,0,0.0
1111,S Browne (LUX),4,41,10.25,0,0.0
1112,P Buccimazza (PORT),4,2,0.0,0,0.0
1113,NB Budayair (NEP),4,7,0.0,0,0.0
1114,DE Burgess (Samoa),4,6,0.0,0,0.0
1115,IG Butler (NZ),4,1,0.0,0,0.0
1116,G Caisley (BRA),4,52,13.0,0,0.0
1117,A Carthew (Chile),4,2,0.0,0,0.0
1118,PP Chawla (IND),4,0,0.0,0,0.0
1119,LA Collado (GIBR),4,18,0.0,0,0.0
1120,WJ Cope (LUX),4,13,13.0,6,11.66
1121,SJ Cotter (Samoa),4,52,13.0,0,0.0
1122,P Danci (ROM),4,19,9.5,0,0.0
1123,CJ Delany (GIBR),4,37,9.25,0,0.0
1124,AP Devcich (NZ),4,111,27.75,2,40.0
1125,SDJJ Dima (MOZ),4,6,0.0,0,0.0
1126,J Dunn (VAN),4,36,12.0,0,0.0
1127,AB Dursak (TKY),4,4,0.0,0,0.0
1128,RR Emrit (WI),4,17,5.66,4,39.0
1129,L Evile (Samoa),4,6,0.0,0,0.0
1130,Fakhrul Mohon (PORT),4,0,0.0,0,0.0
1131,JA Fitzgerald (GIBR),4,13,0.0,0,0.0
1132,R Flannigan (SCOT),4,38,12.66,0,0.0
1133,BC Fortuin (SA),4,0,0.0,3,26.66
1134,JD Freyone (GIBR),4,8,0.0,0,0.0
1135,CJ Gannon (USA),4,12,12.0,3,22.33
1136,MD Garratt (GIBR),4,1,0.0,0,0.0
1137,K Gilham (CZK-R),4,3,0.0,0,0.0
1138,R Goodwin (PHI),4,26,8.66,0,0.0
1139,K Gore (USA),4,4,0.0,0,0.0
1140,K Gupta (Chile),4,46,15.33,0,0.0
1141,Hafez Farooq (Peru),4,69,17.25,2,7.0
1142,S Hallett (Peru),4,10,0.0,0,0.0
1143,LHB Harrington-Myers (CAY),4,32,10.66,2,13.0
1144,Hayatullah Niazi (NOR),4,59,19.66,3,27.0
1145,H Helva (TKY),4,12,0.0,0,0.0
1146,J Hill (PHI),4,15,0.0,0,0.0
1147,Hirenkumar Patel (Chile),4,74,18.5,7,11.71
1148,J Hirschi (MLT),4,37,9.25,3,32.0
1149,MG Hunter (GIBR),4,45,15.0,4,15.75
1150,Imran Ali (KUW),4,5,5.0,7,19.42
1151,Imran Ashraf (QAT),4,0,0.0,0,0.0
1152,Imran Butt (BHR),4,30,10.0,5,20.8
1153,Imran Khan (PORT),4,39,19.5,0,0.0
1154,Irfan Bhima (MWI),4,98,24.5,6,8.5
1155,Irfan Mir (Chile),4,19,19.0,1,73.0
1156,Ismat Ullah (BRA),4,44,11.0,1,16.0
1157,Jagjit Singh (Peru),4,24,6.0,0,0.0
1158,KA Jamieson (NZ),4,0,0.0,0,0.0
1159,Jasdeep Singh (USA),4,31,15.5,7,20.0
1160,NG Jones (IRE),4,28,28.0,0,0.0
1161,Junaid Aziz (BHR),4,51,25.5,2,24.0
1162,S Kansoy (TKY),4,2,0.0,0,0.0
1163,Karweng NG (PHI),4,21,7.0,0,0.0
1164,D Kegasitswe (BOT),4,5,0.0,0,0.0
1165,AN Kervezee (NED),4,154,51.34,0,0.0
1166,Khalid Ahmadi (Belg),4,39,39.0,6,13.16
1167,N Khosla (MLT),4,84,21.0,0,0.0
1168,JH Kiani (PHI),4,25,12.5,1,26.0
1169,VJ Kingma (NED),4,1,0.0,0,0.0
1170,S Kizilkaya (TKY),4,17,0.0,0,0.0
1171,RK Kleinveldt (SA),4,22,22.0,6,17.5
1172,AC Kose (TKY),4,15,3.75,3,38.66
1173,HG Kuhn (SA),4,43,14.33,0,0.0
1174,Kuldeep Singh (PHI),4,8,0.0,0,0.0
1175,R Kumar (ROM),4,37,18.5,5,19.6
1176,S Kushretha (LUX),4,37,12.33,1,102.0
1177,Mahedi Hasan (BAN),4,20,10.0,1,96.0
1178,BF Mailata (Samoa),4,38,9.5,0,0.0
1179,GT Main (SCOT),4,0,0.0,0,0.0
1180,A Makesh (KUW),4,57,57.0,1,79.0
1181,MSS Mandy (Chile),4,54,13.5,3,14.33
1182,V Mbazo (BOT),4,51,25.5,0,0.0
1183,Md Shafiqul Haque (THA),4,88,22.0,1,25.0
1184,NSK Mehta (Belg),4,0,0.0,0,0.0
1185,PHKD Mendis (SL),4,66,16.5,0,0.0
1186,Mien Mehmood (PORT),4,29,7.25,0,0.0
1187,AJ Michael (Samoa),4,67,22.33,0,0.0
1188,DP Michael (Samoa),4,85,28.33,1,32.0
1189,Mirza Ahsan (Aut),4,66,66.0,0,0.0
1190,Mohammed Asghar (KUW),4,124,31.0,0,0.0
1191,Mohsin Hub (Peru),4,36,12.0,2,19.5
1192,Muhammad Ansar (KUW),4,5,0.0,0,0.0
1193,Muhammad Hamayun (KSA),4,13,0.0,0,0.0
1194,Muhammad Muneeb (Belg),4,12,0.0,0,0.0
1195,Muhammad Saleem (BRA),4,59,14.75,5,9.0
1196,Muhammad Wafiq (MAS),4,9,4.5,5,22.8
1197,JK Mukhiya (NEP),4,0,0.0,0,0.0
1198,FF Mulivai (Samoa),4,70,17.5,0,0.0
1199,D Murphy (SCOT),4,35,35.0,0,0.0
1200,Musawar Shah (QAT),4,0,0.0,0,0.0
1201,Najjam Shahzad (PORT),4,126,126.0,4,16.25
1202,DM Nakrani (UGA),4,52,17.33,5,18.6
1203,N Nankov (BUL),4,15,7.5,1,28.0
1204,Nazwan Ismail (MDV),4,7,0.0,0,0.0
1205,K Nestor (GIBR),4,33,11.0,0,0.0
1206,F Nkhoma (MWI),4,0,0.0,0,0.0
1207,DO Obuya (KENYA),4,46,11.5,0,0.0
1208,HC Overdijk (NED),4,13,13.0,3,24.0
1209,E Packard (GIBR),4,40,10.0,2,39.5
1210,BA Pai (GIBR),4,124,31.0,6,13.66
1211,I Pandey (NEP),4,33,8.25,0,0.0
1212,NK Patel (USA),4,5,5.0,5,12.2
1213,YK Pathan (IND),4,31,15.5,3,29.0
1214,JL Pattinson (AUS),4,5,0.0,0,0.0
1215,J Perman (ESP),4,1,0.0,0,0.0
1216,P Suanchuai (THA),4,18,6.0,0,0.0
1217,H Pragji (BOT),4,38,12.66,0,0.0
1218,Qalandar Khan (QAT),4,48,16.0,0,0.0
1219,Raag Kapur (HKG),4,12,0.0,0,0.0
1220,A Rangaswamy (BOT),4,10,0.0,0,0.0
1221,Riazat Ali Shah (UGA),4,140,70.0,1,58.0
1222,Robert Raina (THA),4,35,8.75,0,0.0
1223,LH Rodrigues (BRA),4,7,7.0,5,12.2
1224,TK Saha (FIN),4,26,26.0,2,44.0
1225,V Saini (ROM),4,65,32.5,3,25.0
1226,A Sarma (GER),4,57,19.0,0,0.0
1227,Sayed Shirzad (AFG),4,1,0.0,0,0.0
1228,Sazzad Hosen (Belg),4,73,18.25,0,0.0
1229,N Senamontree (THA),4,8,0.0,0,0.0
1230,M Sert (TKY),4,42,14.0,3,31.0
1231,Shafraz Jaleel (MDV),4,17,5.66,0,0.0
1232,Shaikh Ashraf (Peru),4,82,20.5,1,34.0
1233,PH Shamdasani (Peru),4,61,20.33,6,11.66
1234,Shoaib Gazi Hossain (Chile),4,2,0.0,0,0.0
1235,P Silas (BOT),4,39,13.0,0,0.0
1236,S Singh (PHI),4,0,0.0,0,0.0
1237,RM Siri (Arg),4,82,27.33,0,0.0
1238,DC Smith (PHI),4,49,16.33,3,29.66
1239,Sohail Khan (PAK),4,1,0.0,0,0.0
1240,S Sola (Samoa),4,37,12.33,0,0.0
1241,CB Sole (SCOT),4,4,0.0,0,0.0
1242,M Spry (Peru),4,5,5.0,7,8.85
1243,A Srivastav (Chile),4,25,6.25,3,24.33
1244,F Stoman (PORT),4,40,13.33,0,0.0
1245,Sufyan Mehmood (OMA),4,19,19.0,2,29.5
1246,MJ Swepson (AUS),4,15,0.0,0,0.0
1247,Tahir Dar (BHR),4,25,12.5,3,42.66
1248,T Taibu (ZIM),4,70,35.0,0,0.0
1249,SW Tait (AUS),4,1,0.0,0,0.0
