,Player,Matches,Inns,Not_outs,Runs,Ave,B_Faced,SR,Fours,Sixes
0,V Kohli (IND),83,78,20,2902,50.03,2094,138.6,262,80
1,RG Sharma (IND),89,84,9,2438,32.5,1731,140.9,217,113
2,MJ Guptill (NZ),71,69,5,2182,34.1,1569,139.0,196,106
3,AJ Finch (AUS),66,66,9,2149,37.7,1395,154.0,216,97
4,PR Stirling (IRE),72,71,6,2047,31.48,1430,143.1,244,70
5,Mohammad Hafeez (PAK),78,75,11,1957,30.56,1597,122.56,183,64
6,EJG Morgan (ENG),83,80,13,1862,27.8,1342,138.8,131,100
7,Mohammad Shahzad (AFG),57,57,2,1782,32.4,1286,138.5,207,70
8,C Munro (NZ),65,62,7,1724,31.34,1102,156.5,132,107
9,KS Williamson (NZ),62,60,8,1723,33.12,1376,125.2,178,37
10,Shoaib Malik (ICC/PAK),84,75,25,1699,33.97,1321,128.6,139,48
11,GJ Maxwell (AUS),67,60,9,1687,33.06,1068,158.0,137,87
12,Babar Azam (PAK),44,42,9,1681,50.94,1293,130.0,173,23
13,S Dhawan (IND),64,62,3,1669,28.28,1301,128.2,182,49
14,AD Hales (ENG),60,60,7,1644,31.02,1203,136.6,175,55
15,DA Warner (AUS),58,58,9,1619,33.03,1187,136.4,156,58
16,Tamim Iqbal (BAN/ICC/World),64,64,5,1565,26.52,1297,120.7,159,45
17,JC Buttler (ENG),74,66,13,1551,29.27,1105,140.4,135,64
18,KJ O'Brien (IRE),79,74,7,1543,23.02,1107,139.4,128,72
19,KL Rahul (IND),45,41,6,1542,44.06,1064,144.9,136,63
20,F du Plessis (SA/World),50,50,7,1528,35.53,1137,134.4,140,50
21,MN Samuels (WI),61,59,10,1480,30.2,1312,112.8,135,59
22,Mahmudullah (BAN),76,68,18,1396,27.92,1077,129.6,113,47
23,Ahmed Shehzad (PAK),54,54,2,1380,26.53,1208,114.25,142,32
24,Shakib Al Hasan (BAN),62,62,10,1360,26.16,1081,125.8,146,29
25,Q de Kock (SA),47,47,5,1303,31.02,954,136.6,135,53
26,DA Miller (SA/World),73,63,17,1296,28.17,934,138.8,86,57
27,MDKJ Perera (SL),47,46,0,1293,28.1,956,135.2,123,47
28,JP Duminy (SA),52,47,17,1286,42.88,1021,125.94,84,50
29,Mohammad Nabi (AFG),70,65,10,1278,23.23,873,146.4,79,77
30,H Masakadza (ZIM),52,52,2,1251,25.02,1064,117.56,113,53
31,LRPL Taylor (NZ),65,60,17,1250,29.06,996,125.5,82,40
32,HM Amla (SA/World),42,42,6,1225,34.03,917,133.6,142,25
33,Asghar Afghan (AFG),65,60,4,1214,21.67,1116,108.75,75,59
34,RD Berrington (SCOT),53,48,9,1203,30.84,915,131.5,114,36
35,Mushfiqur Rahim (BAN),71,64,9,1197,21.77,970,123.4,105,32
36,MS Dhoni (IND),73,61,35,1176,45.22,889,132.2,90,39
37,Umar Akmal (PAK),63,59,11,1160,24.16,944,122.9,85,37
38,KJ Coetzer (SCOT),49,47,1,1152,25.05,911,126.44,126,35
39,SK Raina (IND),60,49,8,1137,27.73,852,133.5,103,40
40,TM Dilshan (SL),48,48,7,1131,27.58,939,120.44,131,21
41,NLTC Perera (ICC/SL/World),74,66,19,1127,23.97,734,153.5,84,59
42,BN Cooper (NED),51,48,9,1094,28.05,890,122.94,96,36
43,SR Watson (AUS),38,37,4,1083,32.8,741,146.1,87,62
44,AB de Villiers (SA),46,44,5,1082,27.73,756,143.1,98,40
45,GC Wilson (IRE),66,55,7,1075,22.39,973,110.5,91,19
46,CS MacLeod (SCOT),47,46,7,1042,26.7,902,115.5,93,21
47,BB McCullum (NZ),31,30,3,1040,38.5,714,145.6,87,52
48,KA Pollard (WI),56,45,11,1036,30.47,748,138.5,60,70
49,CH Gayle (WI),38,34,3,1010,32.6,712,141.9,81,71
50,LMP Simmons (WI),46,45,8,1002,27.08,807,124.2,82,50
51,HG Munsey (SCOT),38,36,3,987,29.9,640,154.2,114,45
52,Najibullah Zadran (AFG),60,51,20,976,31.48,694,140.6,63,52
53,Shaiman Anwar (UAE),32,32,3,971,33.47,770,126.1,75,43
54,Samiullah Shinwari (AFG),56,49,9,951,23.77,806,118.0,73,35
55,Sabbir Rahman (BAN),44,43,5,946,24.89,783,120.8,89,28
56,A Balbirnie (IRE),43,39,2,945,25.55,728,129.8,111,13
57,E Lewis (WI),32,31,2,934,32.2,601,155.4,64,73
58,JM Bairstow (ENG),46,40,7,932,28.23,668,139.5,87,40
59,JE Root (ENG),32,30,5,893,35.72,707,126.3,92,16
60,JJ Roy (ENG),38,38,0,890,23.42,618,144.0,88,42
61,Soumya Sarkar (BAN),50,50,3,885,18.81,706,125.4,86,35
62,MP O'Dowd (NED),36,35,2,866,26.23,718,120.6,83,19
63,DJ Malan (ENG),19,19,3,855,53.44,572,149.5,93,30
64,SC Williams (ZIM),41,41,5,844,23.44,645,130.9,80,24
65,Fakhar Zaman (PAK),40,38,0,838,22.05,625,134.1,94,25
66,AD Mathews (SL),54,42,10,826,25.81,711,116.2,53,28
67,WTS Porterfield (IRE),44,43,5,816,21.47,718,113.6,87,21
68,DJ Bravo (WI),49,40,7,807,24.45,709,113.8,45,35
69,Sarfaraz Ahmed (PAK),57,40,12,807,28.81,636,126.9,78,15
70,W Barresi (NED),42,41,6,799,22.81,695,114.94,69,21
71,P Khadka (NEP),33,32,3,799,27.55,624,128.0,82,26
72,Rohan Mustafa (UAE),43,42,2,766,19.16,625,122.56,91,22
73,Muhammad Usman (UAE),39,36,5,765,24.67,640,119.5,65,24
74,MH Cross (SCOT),43,35,6,755,26.03,593,127.3,77,22
75,Shahid Afridi (ICC/PAK),57,51,9,745,17.73,480,155.2,48,47
76,LD Chandimal (SL),49,43,4,741,19.0,708,104.7,71,14
77,SJ Myburgh (NED),33,32,2,741,24.7,635,116.7,82,22
78,Nizakat Khan (HKG),43,41,0,729,17.78,583,125.06,68,24
79,J Charles (WI),34,33,0,724,21.94,595,121.7,84,26
80,E Chigumbura (ZIM),43,43,8,719,20.55,517,139.1,49,43
81,DPMD Jayawardene (SL),23,23,4,709,37.3,568,124.8,90,12
82,MK Pandey (IND),39,33,17,709,44.3,562,126.1,49,19
83,SPD Smith (AUS),31,28,6,698,31.72,543,128.5,57,18
84,Jatinder Singh (OMA),28,28,3,697,27.88,611,114.06,72,8
85,ADS Fletcher (WI),31,29,3,686,26.38,592,115.9,43,40
86,BRM Taylor (ZIM),34,34,4,685,22.83,573,119.56,73,16
87,TP Ura (PNG),23,23,5,671,37.28,476,141.0,54,31
88,TL Seifert (NZ),30,28,4,668,27.83,479,139.5,53,37
89,DJM Short (AUS),23,23,2,642,30.56,540,118.9,71,15
90,Syed Aziz (MAS),23,22,4,637,35.38,467,136.4,61,25
91,RR Hendricks (SA),25,25,0,636,25.44,536,118.6,76,8
92,Litton Das (BAN),29,29,1,636,22.7,471,135.0,60,25
93,Kamran Khan (QAT),21,21,1,630,31.5,468,134.6,50,39
94,Yuvraj Singh (IND),36,30,5,622,24.88,502,123.9,44,36
95,MR Swart (NED),26,25,2,621,27.0,537,115.6,53,16
96,MN Waller (ZIM),32,31,8,613,26.66,443,138.4,42,28
97,KC Sangakkara (SL),27,25,6,605,31.84,504,120.0,61,6
98,Khawar Ali (OMA),32,31,2,601,20.72,603,99.7,66,14
99,Muhammad Tanveer (QAT),22,22,6,600,37.5,458,131.0,49,31
100,CO Obuya (KENYA),26,26,4,585,26.6,553,105.75,38,16
101,R Sandaruwan (KUW),15,15,2,577,44.38,348,165.8,52,36
102,Hazratullah Zazai (AFG),15,15,1,570,40.72,367,155.2,49,40
103,G Malla (NEP),27,25,0,566,22.64,465,121.75,53,23
104,Virandeep Singh (MAS),21,21,1,564,28.2,521,108.25,51,18
105,TH David (SGP),14,14,2,558,46.5,352,158.5,50,26
106,Zeeshan Maqsood (OMA),31,26,4,547,24.86,490,111.6,66,12
107,HE van der Dussen (SA),18,17,3,542,38.72,397,136.5,31,26
108,Babar Hayat (HKG),24,24,4,541,27.05,433,124.94,45,20
109,AD Russell (WI),49,41,14,540,20.0,357,151.2,32,42
110,PW Borren (NED),33,30,3,531,19.66,414,128.2,52,17
111,RS Bopara (ENG),27,25,10,520,34.66,409,127.1,35,16
112,F Behardien (SA),38,30,14,518,32.38,404,128.2,37,16
113,RR Patel (KENYA),25,24,4,513,25.66,383,134.0,31,31
114,MS Chapman (HKG/NZ),25,24,2,509,23.12,436,116.75,42,14
115,DR Smith (WI),25,24,0,509,21.2,419,121.5,59,26
116,KD Shah (HKG),35,31,5,502,19.3,456,110.06,44,12
117,Gulbadin Naib (AFG),48,39,11,495,17.67,408,121.3,34,24
118,C de Grandhomme (NZ),36,34,7,487,18.03,340,143.2,27,29
119,CJ Anderson (NZ),31,24,4,485,24.25,351,138.1,30,26
120,BKG Mendis (SL),26,26,0,484,18.61,368,131.5,41,21
121,MD Shanaka (SL),40,39,8,483,15.58,435,111.0,32,26
122,TP Visee (NED),27,27,0,478,17.7,316,151.2,65,17
123,GJ Bailey (AUS/World),30,26,7,473,24.89,346,136.8,37,20
124,MD Gunathilaka (SL),24,23,0,473,20.56,388,121.9,52,12
125,CR Ervine (ZIM),22,22,1,471,22.42,455,103.5,46,13
126,CL White (AUS),24,22,6,471,29.44,385,122.3,43,13
127,Usman Ghani (AFG),20,20,1,463,24.36,431,107.44,46,12
128,PM Seelaar (NED),60,37,11,462,17.77,416,111.06,31,8
129,A Vala (PNG),26,24,4,460,23.0,427,107.75,39,13
130,V Sibanda (ZIM),23,23,1,459,20.86,462,99.4,42,11
131,Shafiqullah (AFG),41,37,12,457,18.28,303,150.9,30,30
132,Rameez Shahzad (UAE),22,21,3,449,24.94,404,111.1,37,13
133,DJG Sammy (WI/World),49,38,13,447,17.88,283,158.0,37,24
134,Sikandar Raza (ZIM),36,34,0,442,13.0,423,104.5,40,8
135,Ahmed Faiz (MAS),18,17,1,436,27.25,373,116.9,39,11
136,S Chandramohan (SGP),15,15,1,436,31.14,366,119.1,44,16
137,GJ Delany (IRE),23,21,3,436,24.22,290,150.4,38,20
138,NR Kumar (CAN),18,16,2,434,31.0,336,129.1,34,13
139,Karim Sadiq (AFG),28,28,0,432,15.42,394,109.6,49,8
140,LJ Wright (ENG),24,23,3,431,21.55,300,143.6,36,20
141,N Dickwella (SL),23,22,0,429,19.5,309,138.9,57,8
142,SS Iyer (IND),24,22,6,429,26.81,328,130.8,30,20
143,CK Kapugedera (SL),23,21,4,427,25.11,358,119.25,35,15
144,MS Wade (AUS),33,24,5,427,22.47,343,124.5,31,14
145,PL Mommsen (SCOT),24,19,7,419,34.9,329,127.4,32,11
146,D Ramdin (WI),49,33,12,417,19.84,362,115.2,24,17
147,MJ Lumb (ENG),20,20,1,415,21.84,316,131.4,46,18
148,RR Pant (IND),28,25,5,410,20.5,337,121.7,28,18
149,CJ Chibhabha (ZIM),25,24,0,409,17.05,366,111.75,47,8
150,Aqib Ilyas (OMA),22,22,4,408,22.66,356,114.6,47,7
151,MG Erasmus (NAM),16,14,3,407,37.0,293,138.9,33,20
152,MW Machan (SCOT),13,13,3,407,40.7,318,128.0,37,7
153,TLW Cooper (NED),18,17,3,404,28.84,306,132.0,38,16
154,EC Joyce (IRE),16,14,3,404,36.72,428,94.4,30,5
155,Nawroz Mangal (AFG),24,24,2,403,18.31,348,115.8,32,17
156,RE van der Merwe (NED),30,23,9,397,28.34,295,134.6,34,9
157,MM Ali (ENG),34,31,8,392,17.05,291,134.8,33,19
158,SW Billings (ENG/ICC),30,27,4,391,17.0,293,133.5,37,12
159,HH Pandya (IND),43,28,7,388,18.47,260,149.2,22,24
160,SJ Baard (NAM),13,13,2,387,35.2,305,126.9,32,13
161,Tamoor Sajjad (QAT),16,15,4,380,34.53,280,135.8,31,15
162,SO Hetmyer (WI),27,23,3,379,18.95,324,117.0,24,20
163,CJA Amini (PNG),23,18,4,377,26.92,324,116.4,16,13
164,AM Rahane (IND),20,20,2,375,20.83,331,113.3,32,6
165,J Rasu (VAN),13,13,0,374,28.77,338,110.6,27,16
166,Hussain Talat (PAK),15,15,2,371,28.53,309,120.06,35,5
167,Nasir Hossain (BAN),31,24,4,370,18.5,326,113.5,30,7
168,JW Jenner (JER),17,17,2,365,24.33,299,122.06,24,14
169,Aizaz Khan (HKG),39,34,8,364,14.0,336,108.3,26,6
170,PJ Moor (ZIM),21,19,4,364,24.27,286,127.25,22,24
171,HT Tector (IRE),20,18,4,364,26.0,271,134.2,27,11
172,Nasir Jamshed (PAK),18,18,1,363,21.34,320,113.44,34,12
173,NS Dhaliwal (CAN),12,11,2,361,40.12,291,124.06,22,16
174,N Pooran (WI),24,21,4,361,21.23,289,124.94,29,19
175,Sharjeel Khan (PAK),15,15,0,360,24.0,262,137.4,48,13
176,BA Stokes (ENG),29,25,6,358,18.84,267,134.1,27,17
177,Aamir Kaleem (OMA),28,23,4,357,18.78,324,110.2,30,10
178,S Bau (PNG),23,17,3,356,25.42,338,105.3,21,11
179,Anamul Haque (BAN),13,13,2,355,32.28,301,117.94,38,12
180,Chirag Suri (UAE),12,12,2,352,35.2,304,115.75,34,7
181,DM Bravo (WI),19,17,1,340,21.25,316,107.56,28,13
182,JM Vince (ENG),12,12,0,340,28.33,275,123.6,34,9
183,H Gori (CZK-R),11,11,0,337,30.62,255,132.1,36,17
184,R Powell (WI),29,21,3,337,18.72,277,121.7,29,13
185,N Davin (NAM),16,16,1,335,22.33,216,155.1,33,15
186,SA Edwards (NED),29,22,8,334,23.84,229,145.9,33,6
187,Rahmanullah Gurbaz (AFG),10,10,0,332,33.2,236,140.6,26,20
188,Asif Ali (PAK),25,24,6,331,18.38,258,128.2,15,19
189,DM de Silva (SL),16,15,0,331,22.06,301,109.94,28,5
190,DS Airee (NEP),21,18,2,330,20.62,308,107.1,23,6
191,Faisal Javed (QAT),15,15,0,330,22.0,212,155.6,45,11
192,SR Thompson (IRE),41,30,8,328,14.9,254,129.1,23,14
193,Mohamed Rishwan (MDV),14,13,0,327,25.16,312,104.8,29,15
194,RR Rossouw (SA),15,14,3,327,29.72,237,138.0,29,12
195,MJ Santner (NZ),48,34,14,325,16.25,253,128.5,23,11
196,Yasir Ali (ESP),11,11,4,325,46.4,280,116.06,23,15
197,GD Phillips (NZ),17,14,1,324,24.92,236,137.2,26,17
198,Anshuman Rath (HKG),20,19,2,321,18.88,344,93.3,31,2
199,N Vanua (PNG),25,22,8,321,22.92,211,152.1,12,23
200,TM Head (AUS),16,15,3,319,26.58,245,130.2,19,10
201,RN ten Doeschate (NED),13,13,6,319,45.56,234,136.4,16,12
202,RJ Nicol (NZ),19,17,0,317,18.64,280,113.2,32,11
203,BDH Stevens (JER),17,17,1,316,19.75,315,100.3,30,6
204,R Mutumbami (ZIM),24,21,4,315,18.52,266,118.44,19,17
205,Mohammad Rizwan (PAK),26,18,4,313,22.34,288,108.7,31,5
206,Manpreet Singh (SGP),15,14,2,312,26.0,267,116.9,21,6
207,N Nipiko (VAN),14,14,2,312,26.0,297,105.06,16,13
208,L Ronchi (ICC/NZ),30,24,6,312,17.33,229,136.2,22,13
209,G Gambhir (IND),14,14,2,311,25.9,283,109.9,35,2
210,CR Brathwaite (WI),41,27,6,310,14.76,274,113.1,13,22
211,S Vesawkar (NEP),17,16,3,310,23.84,313,99.06,25,7
212,JJ Atkinson (HKG),17,16,2,309,22.06,277,111.56,31,9
213,Noor Ali Zadran (AFG),13,13,1,307,25.58,280,109.6,30,5
214,Waqas Barkat (HKG),30,25,3,307,13.95,333,92.2,25,0
215,B Bhandari (NEP),30,25,6,304,16.0,277,109.75,24,12
216,NJ Ferraby (JER),14,14,1,303,23.3,257,117.9,38,2
217,Imad Wasim (PAK),49,33,11,302,13.72,207,145.9,33,7
218,KD Karthik (ICC/IND),23,18,12,299,49.84,190,157.4,28,14
219,L Siaka (PNG),26,22,2,296,14.8,271,109.25,26,7
220,RP Burl (ZIM),19,16,4,295,24.58,261,113.0,17,11
221,Shaheryar Butt (Belg),7,7,3,294,73.5,166,177.1,21,21
222,S Wickramasekara (CZK-R),9,9,2,294,42.0,163,180.4,21,23
223,WU Tharanga (SL),18,18,1,293,17.23,232,126.3,32,9
224,CA Lynn (AUS),18,16,1,291,19.4,221,131.6,28,14
225,HDRL Thirimanne (SL),26,20,2,291,16.16,267,109.0,27,5
226,Haroon Arshad (HKG),17,15,4,289,26.27,213,135.6,22,9
227,IA Karim (KENYA),16,16,3,286,22.0,299,95.6,30,2
228,Kamran Akmal (PAK),20,20,3,283,16.64,260,108.8,33,6
229,C Kieswetter (ENG),16,16,1,282,18.8,263,107.25,24,11
230,Mohammad Shahzad (UAE),20,20,2,281,15.61,239,117.56,25,11
231,TC Bruce (NZ),17,17,2,279,18.6,228,122.4,24,7
232,Mohammed Rizlan (QAT),22,18,7,276,25.1,277,99.6,14,13
233,TAM Siriwardana (SL),22,19,3,275,17.19,208,132.2,16,12
234,JEC Franklin (NZ),22,17,4,273,21.0,202,135.1,18,15
235,Amjad Javed (UAE),22,18,3,271,18.06,242,112.0,17,15
236,H Klaasen (SA),13,13,2,271,24.62,180,150.5,15,16
237,GH Dockrell (IRE),70,35,16,268,14.1,215,124.6,15,7
238,Ravinderpal Singh (CAN),12,10,2,266,33.25,177,150.2,13,19
239,PK Matautaava (VAN),10,10,0,265,26.5,156,169.9,19,20
240,KP Pietersen (ENG),9,8,1,265,37.84,188,141.0,29,8
241,SR Taylor (USA),8,8,1,265,37.84,207,128.0,28,10
242,MEK Hussey (AUS),11,10,4,264,44.0,225,117.3,18,8
243,DMW Rawlins (BER),11,11,0,261,23.72,201,129.9,23,15
244,Shahid Wasif (HKG),18,17,4,261,20.06,233,112.0,20,8
245,Adnan Idrees (KUW),6,6,0,259,43.16,157,165.0,35,9
246,Adnan Ilyas (OMA),12,11,0,258,23.45,218,118.3,16,8
247,MR Marsh (AUS),15,15,4,258,23.45,225,114.7,11,12
248,Najeeb Tarakai (AFG),12,12,0,258,21.5,210,122.9,21,13
249,AA Obanda (KENYA),20,20,1,255,13.42,228,111.8,35,6
250,SF Mire (ZIM),9,8,0,253,31.62,196,129.1,23,13
251,Sarfaraz Ali (BHR),8,8,0,253,31.62,148,171.0,24,19
252,Zaheer Ibrahim (QAT),20,18,3,251,16.73,228,110.06,26,8
253,JDS Neesham (NZ),24,18,6,250,20.83,169,147.9,24,13
254,T Bavuma (SA),8,8,1,249,35.56,187,133.1,20,7
255,CG Williams (NAM),13,12,3,249,27.66,210,118.56,15,10
256,Muhammad Kashif (KUW),15,12,4,248,31.0,230,107.8,15,13
257,CJ Jordan (ENG),55,32,15,247,14.52,191,129.2,17,12
258,JP Kotze (NAM),12,12,1,245,22.27,193,126.94,21,13
259,CN Ackermann (NED),11,11,3,243,30.38,196,124.0,18,5
260,GSNFG Jayasuriya (SL),18,16,0,241,15.06,222,108.56,20,8
261,UT Khawaja (AUS),9,9,0,241,26.77,182,132.4,31,5
262,MA Leask (SCOT),31,22,2,240,12.0,199,120.6,16,12
263,SW Poynter (IRE),25,21,6,240,16.0,213,112.7,22,6
264,Ashfaq Ahmed (UAE),12,12,0,238,19.83,185,128.6,32,6
265,J Butler (GUE),10,9,2,238,34.0,241,98.75,25,1
266,SD Hope (WI),13,11,0,238,21.62,175,136.0,24,10
267,K Dasan (BUL),10,9,1,237,29.62,222,106.75,19,4
268,S Davizi (CZK-R),6,6,0,237,39.5,196,120.94,19,10
269,RE Levi (SA),13,13,2,236,21.45,167,141.2,20,15
270,Mashrafe Mortaza (BAN),41,27,8,236,12.42,160,147.5,22,15
271,MP Stoinis (AUS),23,18,7,236,21.45,186,126.9,21,6
272,F Damiao Couana (MOZ),7,7,1,233,38.84,179,130.1,16,14
273,I Udana (SL),25,20,9,229,20.81,154,148.8,15,13
274,C Bisson (JER),14,14,2,226,18.83,177,127.7,24,5
275,DAS Gunaratne (SL),12,12,3,225,25.0,178,126.4,19,6
276,Inam-ul-Haq (QAT),11,11,2,225,25.0,205,109.75,28,2
277,Shafiq Sharif (MAS),10,10,0,225,22.5,171,131.6,32,5
278,CAK Walton (WI),19,17,0,225,13.23,203,110.8,23,11
279,MN van Wyk (SA),6,6,1,224,44.8,153,146.4,19,14
280,DG Blampied (JER),17,15,6,221,24.55,222,99.56,14,0
281,Sohaib Maqsood (PAK),20,18,2,221,13.81,201,109.94,15,8
282,R Satheesan (ROM),8,6,2,220,55.0,128,171.9,15,11
283,MC Henriques (AUS),13,10,4,219,36.5,160,136.9,10,9
284,Mohammad Naim (BAN),6,6,0,219,36.5,183,119.7,25,5
285,AD Poynter (IRE),19,14,3,219,19.9,184,119.0,21,8
286,Tanwir Afzal (HKG),21,18,2,219,13.68,173,126.56,9,15
287,Khurram Nawaz (OMA),19,14,3,216,19.62,185,116.75,12,10
288,MJG Rippon (NED),18,11,4,216,30.84,192,112.5,15,3
289,SS McKechnie (HKG),19,17,7,215,21.5,223,96.44,14,2
290,Mohamed Arief (MAS),12,11,2,215,23.88,171,125.75,23,5
291,EMDY Munaweera (SL),13,13,1,215,17.9,164,131.1,25,7
292,B Ward (JER),13,12,3,215,23.88,160,134.4,8,15
293,PD Hennessy (ESP),10,8,1,214,30.56,177,120.9,13,9
294,S Muniandy (MAS),24,20,8,214,17.83,155,138.0,14,12
295,S Prasanna (SL),20,20,6,214,15.28,161,132.9,13,13
296,Haris Sohail (PAK),14,13,2,210,19.1,204,102.94,16,3
297,Aarif Sheikh (NEP),14,12,2,209,20.9,197,106.06,20,4
298,R Rohan (SGP),13,12,0,209,17.4,175,119.44,25,6
299,Bilal Zalmai (Aut),5,4,1,208,69.3,109,190.9,16,16
300,Ghulam Shabber (UAE),17,14,3,208,18.9,182,114.25,24,4
301,BBJL Perera (ITA),8,7,1,208,34.66,144,144.5,23,8
302,Khalid Latif (PAK),8,8,2,207,34.5,196,105.6,22,5
303,BMAJ Mendis (SL),22,15,4,207,18.81,174,118.94,18,6
304,Simi Singh (IRE),24,23,4,207,10.89,178,116.3,13,7
305,TG Southee (NZ),56,25,11,207,14.78,133,155.6,13,14
306,Faisal Khan (KSA),7,7,1,206,34.34,97,212.4,22,14
307,NJ O'Brien (IRE),14,13,1,206,17.16,209,98.56,13,3
308,R Panchal (ESP),11,9,4,206,41.2,197,104.56,9,7
309,JJ Smit (NAM),12,10,2,206,25.75,128,160.9,10,14
310,T Banton (ENG),9,9,0,205,22.77,143,143.4,19,9
311,R Gunasekera (CAN),8,8,0,202,25.25,188,107.44,23,4
312,SE Marsh (AUS),12,12,1,202,18.36,200,101.0,12,7
313,KS Leverock (BER),12,12,2,201,20.1,165,121.8,16,11
314,S Pokhriyal (CZK-R),9,9,1,200,25.0,186,107.5,31,3
315,VB Chikkannaiah (GER),9,9,1,199,24.88,212,93.9,12,4
316,DM Gondaria (KENYA),11,9,2,199,28.42,157,126.75,12,6
317,Aminuddin Ramly (MAS),19,17,4,199,15.3,142,140.1,9,12
318,Sompal Kami (NEP),28,19,6,198,15.23,176,112.5,15,7
319,Umar Adam (MDV),14,13,1,198,16.5,169,117.1,21,6
320,WIA Fernando (SL),15,14,0,195,13.92,194,100.5,16,4
321,Mukhtar Ahmed (PAK),6,6,0,192,32.0,134,143.2,23,5
322,Ahmed Hassan (MDV),11,10,0,189,18.9,192,98.44,18,2
323,SR Patel (ENG),18,14,2,189,15.75,173,109.25,17,5
324,Iftikhar Ahmed (PAK),11,9,6,188,62.66,133,141.4,17,5
325,Ehsan Khan (HKG),23,15,8,187,26.7,158,118.4,11,10
326,SP Patil (UAE),18,13,0,187,14.38,218,85.75,16,4
327,Mohammad Ashraful (BAN),8,8,0,185,23.12,177,104.5,21,2
328,V Vijh (LUX),8,8,2,185,30.83,202,91.56,17,4
329,Mosaddek Hossain (BAN),14,13,4,183,20.33,173,105.75,10,5
330,Shadab Khan (PAK),46,19,6,183,14.07,147,124.5,11,9
331,Karan KC (NEP),28,18,5,182,14.0,135,134.8,9,13
332,C Tommy (VAN),12,11,0,180,16.36,191,94.25,6,8
333,CAJ Meschede (GER),5,5,1,179,44.75,115,155.6,9,14
334,Rizwan Cheema (CAN),16,16,1,179,11.93,141,126.94,13,14
335,Asad Shafiq (PAK),8,8,0,178,22.25,159,111.94,19,2
336,Sidhant Singh (SGP),11,9,2,178,25.42,135,131.9,15,6
337,Ammad Uddin (BHR),8,8,2,176,29.33,94,187.2,18,10
338,AT Carey (AUS),30,18,4,176,12.57,151,116.56,13,6
339,Haider Ali (PAK),7,7,1,176,29.33,122,144.2,14,8
340,Imran Nazir (PAK),9,9,0,176,19.55,135,130.4,27,3
341,Kaleem Shah (MOZ),7,7,1,176,29.33,170,103.5,21,4
342,Mohammad Naveed (UAE),31,24,10,176,12.57,147,119.75,17,8
343,DP Conway (NZ),6,4,1,174,58.0,115,151.2,17,6
344,Nouman Sarwar (QAT),14,9,6,172,57.34,128,134.4,16,6
345,HAM Shah (DEN),9,8,0,172,21.5,168,102.4,18,2
346,MNR Cooray (MDV),7,6,1,170,34.0,148,114.9,21,3
347,Faheem Ashraf (PAK),32,21,6,170,11.33,136,125.0,9,11
348,DJ Hussey (AUS),13,12,0,170,14.16,177,96.06,7,7
349,Anwar Arudin (MAS),17,17,0,168,9.88,177,94.94,19,5
350,Karim Janat (AFG),24,15,2,168,12.92,163,103.06,12,7
351,KMA Paul (WI),20,14,6,168,21.0,143,117.5,8,11
352,Sohail Tanvir (PAK),42,20,7,167,12.84,139,120.1,15,6
353,TT Bresnan (ENG),20,14,5,166,18.44,127,130.8,11,6
354,Fiaz Ahmed (BHR),8,8,3,166,33.2,127,130.8,8,11
355,HJ Jordaan (THA),8,8,1,166,23.7,210,79.06,10,4
356,JT Smuts (SA),11,11,0,166,15.09,151,109.94,17,6
357,DJ Willey (ENG),28,19,7,166,13.83,126,131.8,8,10
358,Awais Ahmed (ESP),11,6,2,165,41.25,141,117.0,7,7
359,Tarun Sharma (Mex),8,8,1,164,23.42,160,102.5,12,6
360,Waqas Khan (HKG),16,14,4,164,16.4,189,86.75,6,5
361,KMDN Kulasekara (SL),46,21,7,163,11.64,137,119.0,13,5
362,TWM Latham (NZ),13,10,0,163,16.3,157,103.8,12,2
363,Rashid Khan (AFG/ICC),48,23,12,163,14.81,130,125.4,10,10
364,RG Aga (KENYA),16,14,1,162,12.46,145,111.75,13,3
365,H Davids (SA),9,9,0,161,17.88,134,120.1,18,4
366,DT Johnston (IRE),14,7,4,160,53.34,93,172.0,11,9
367,T Mishra (KENYA),11,11,0,160,14.54,171,93.56,11,2
368,NMS Param (SGP),8,7,2,160,32.0,118,135.6,12,6
369,Saber Zakhil (Belg),7,7,1,160,26.66,101,158.4,9,11
370,Bakhtiar Tahiri (BUL),7,6,0,159,26.5,148,107.44,12,8
371,JP Faulkner (AUS),24,18,7,159,14.45,138,115.2,7,5
372,A Mansale (VAN),14,14,0,159,11.35,151,105.3,14,5
373,MR Adair (IRE),18,15,4,158,14.36,127,124.4,8,7
374,RW Chakabva (ZIM),11,11,1,158,15.8,128,123.44,12,7
375,HL Carlyon (JER),9,8,0,156,19.5,131,119.06,21,3
376,SP Narine (WI),51,23,8,155,10.33,138,112.3,13,5
377,NA Greenwood (JER),8,8,0,154,19.25,128,120.3,15,2
378,JH Kallis (SA),9,7,3,154,38.5,131,117.56,16,3
379,AN Kervezee (NED),4,4,1,154,51.34,135,114.06,5,4
380,S Periyalwar (ROM),6,6,3,154,51.34,109,141.2,18,6
381,BA King (WI),11,10,0,153,15.3,114,134.2,20,5
382,RA Jadeja (IND),41,18,8,152,15.2,118,128.8,10,5
383,NG Collins (FIN),5,5,0,151,30.2,164,92.06,10,0
384,Misbah-ul-Haq (PAK),8,7,3,151,37.75,154,98.06,9,2
385,HD Rutherford (NZ),8,7,0,151,21.56,105,143.8,12,9
386,NM Coulter-Nile (AUS),28,15,4,150,13.63,120,125.0,10,10
387,H Singh (GER),9,8,3,150,30.0,134,111.94,7,3
388,N Pathan (THA),8,8,1,149,21.28,128,116.4,10,7
389,GD Elliott (NZ/World),16,14,3,148,13.45,127,116.5,11,2
390,AC Agar (AUS),27,13,4,147,16.33,132,111.4,11,4
391,O Bascome (BER),11,11,0,147,13.36,147,100.0,12,8
392,CD Wallace (SCOT),19,14,6,146,18.25,122,119.7,14,2
393,Mudassar Bukhari (NED),30,21,6,143,9.53,136,105.1,8,4
394,M Klinger (AUS),3,3,0,143,47.66,112,127.7,12,2
395,Amir Mangal (GER),10,10,3,142,20.28,91,156.0,11,8
396,Hassan Rasheed (MDV),11,10,0,142,14.2,174,81.6,8,3
397,Sajid Cheema (KSA),7,7,0,142,20.28,137,103.6,12,6
398,Umar Amin (PAK),14,9,0,142,15.77,123,115.44,15,4
399,Faran Afzal (ESP),9,8,1,141,20.14,140,100.7,11,6
400,A Otwani (UGA),7,7,0,141,20.14,125,112.8,19,2
401,Waheed Ahmed (UAE),15,13,6,141,20.14,111,127.0,7,11
402,PBB Rajapaksa (SL),7,6,1,140,28.0,107,130.9,8,9
403,Riazat Ali Shah (UGA),4,4,2,140,70.0,108,129.6,8,8
404,AC Douglas (BER),10,9,1,138,17.25,131,105.3,10,8
405,LB Ferbrache (GUE),10,9,1,138,17.25,143,96.5,6,3
406,JL Ontong (SA),11,8,0,138,17.25,81,170.4,6,11
407,J Mees (LUX),8,7,3,137,34.25,114,120.2,20,1
408,HH Patel (MWI),7,6,1,137,27.4,104,131.8,17,3
409,R Tari (VAN),14,14,5,137,15.22,117,117.06,6,5
410,Yusuf Ebrahim (PAN),3,3,1,137,68.5,97,141.2,14,5
411,D Pretorius (SA),11,6,2,135,33.75,80,168.8,11,6
412,MNM Aslam (KUW),11,7,2,134,26.8,133,100.75,12,2
413,CT Mutombodzi (ZIM),15,14,3,134,12.18,144,93.06,9,2
414,CH Morris (SA),23,13,4,133,14.77,102,130.4,12,5
415,DDP D'Silva (UAE),10,8,4,130,32.5,146,89.06,9,0
416,NL McCullum (NZ),38,25,7,130,7.22,139,93.5,9,3
417,LJ Tucker (IRE),17,14,1,130,10.0,126,103.2,13,1
418,JA Morkel (SA),19,13,5,129,16.12,92,140.2,3,10
419,HR Walsh (USA/WI),17,10,2,128,16.0,130,98.44,8,3
420,Imran Ali Butt (BHR),8,8,0,127,15.87,132,96.2,6,6
421,NN Odhiambo (KENYA),15,14,2,127,10.58,108,117.56,14,4
422,JD Ryder (NZ),5,4,1,127,42.34,88,144.2,13,4
423,MWR Stokes (GUE),9,7,0,127,18.14,152,83.56,10,0
424,Najjam Shahzad (PORT),4,3,2,126,126.0,97,129.9,4,10
425,Muhammad Naeem (KSA),7,6,2,125,31.25,126,99.2,7,3
426,Mohammed Asghar (KUW),4,4,0,124,31.0,91,136.2,13,5
427,BA Pai (GIBR),4,4,0,124,31.0,141,87.94,6,1
428,R Ashwin (IND),44,11,7,123,30.75,115,106.94,14,1
429,PW Hasaranga (SL),13,11,4,123,17.56,104,118.25,11,0
430,SM Sharif (SCOT),42,18,9,123,13.66,100,123.0,8,3
431,AW Hawkins-Kay (JER),16,13,5,122,15.25,136,89.7,8,0
432,KM Jadhav (IND),9,6,0,122,20.33,99,123.25,12,3
433,Mohammad Mithun (BAN),15,11,1,122,12.2,128,95.3,10,4
434,Muhamad Syahadat (MAS),10,9,3,122,20.33,102,119.6,9,6
435,CN Onwuzulike (NGA),9,9,1,122,15.25,126,96.8,5,5
436,Usman Patel (KUW),5,4,1,122,40.66,91,134.0,20,0
437,Wahidullah Usmani (Belg),4,4,0,122,30.5,110,110.9,13,2
438,DAJ Bracewell (NZ),18,10,5,121,24.2,83,145.8,6,9
439,KH Pandya (IND),18,9,4,121,24.2,92,131.5,8,6
440,Imrul Kayes (BAN),12,11,0,119,10.81,126,94.44,14,3
441,Naseem Khushi (OMA),13,9,2,119,17.0,82,145.1,6,8
442,AA Onikoyi (NGA),9,8,0,119,14.87,144,82.6,8,4
443,CA Ingram (SA),5,5,0,118,23.6,94,125.5,12,4
444,Janak Prakash (SGP),15,13,5,118,14.75,92,128.2,9,5
445,Shamsudheen Purat (KSA),6,5,1,118,29.5,77,153.2,12,7
446,Mehran Khan (OMA),19,13,2,117,10.63,106,110.4,7,5
447,Ziaur Rahman (BAN),14,12,3,117,13.0,91,128.6,3,10
448,Aritra Dutta (SGP),8,8,0,116,14.5,114,101.75,8,5
449,A Bagai (CAN),2,2,1,115,115.0,101,113.9,12,0
450,K Motlhanka (BOT),7,7,0,115,16.42,123,93.5,11,2
451,MJ Richardson (GER),5,5,3,115,57.5,97,118.56,14,1
452,Sami Sohail (MWI),7,5,4,115,115.0,97,118.56,10,2
453,HS Gericke (MLT),3,2,0,114,57.0,72,158.4,11,3
454,S Kaveri (Mex),7,6,1,114,22.8,146,78.06,9,1
455,D Muhumuza (UGA),7,7,1,114,19.0,94,121.25,9,4
456,WD Parnell (SA),30,13,9,114,28.5,96,118.75,10,3
457,Afif Hossain (BAN),12,9,0,113,12.55,93,121.5,11,2
458,M Abdulla (MWI),5,5,2,112,37.34,100,112.0,11,2
459,FA Allen (WI),16,12,3,112,12.44,96,116.7,9,6
460,SP Khakurel (NEP),8,8,0,112,14.0,139,80.56,10,1
461,JS Malhotra (USA),6,6,0,112,18.66,104,107.7,12,2
462,Mohammad Boota (UAE),16,12,4,112,14.0,100,112.0,7,5
463,Mudassar Muhammad (GER),7,7,0,112,16.0,135,82.94,5,3
464,AP Devcich (NZ),4,4,0,111,27.75,79,140.5,17,2
465,JO Holder (WI),17,11,2,111,12.33,84,132.1,10,4
466,JNK Shannon (IRE),8,8,0,111,13.87,84,132.1,12,5
467,A Lark (Aut),5,4,0,110,27.5,121,90.9,15,0
468,Anwar Ali (PAK),15,11,4,109,15.57,77,141.5,6,6
469,BOP Fernando (SL),6,5,1,109,27.25,87,125.25,11,3
470,T van der Gugten (NED),39,11,4,109,15.57,81,134.5,4,6
471,Mohammad Saifuddin (BAN),15,9,3,108,18.0,95,113.7,9,3
472,OGL Bascome (BER),11,11,1,107,10.7,117,91.44,12,3
473,W Madhevere (ZIM),5,5,1,107,26.75,90,118.9,13,2
474,SO Ngoche (KENYA),24,17,5,107,8.91,117,91.44,5,4
475,GJ Thompson (IRE),10,8,1,107,15.28,108,99.06,14,1
476,K Doriga (PNG),17,11,1,106,10.6,103,102.94,3,3
477,NA Maiolo (ITA),8,7,1,106,17.66,104,101.94,11,2
478,Wahab Riaz (PAK),31,15,4,106,9.63,89,119.1,7,4
479,MD Dai (PNG),9,8,0,105,13.12,128,82.0,4,0
480,JL Denly (ENG),8,7,2,105,21.0,89,118.0,13,1
481,S Dube (IND),13,9,3,105,17.5,77,136.4,7,6
482,OJ Hairs (SCOT),8,8,1,105,15.0,64,164.0,4,10
483,Haroon Mughal (MLT),7,5,0,105,21.0,78,134.6,6,5
484,ND Laegsgaard (DEN),9,8,1,105,15.0,96,109.4,11,2
485,M Mosehle (SA),7,6,1,105,21.0,65,161.5,6,9
486,Suraj Kumar (OMA),16,10,2,105,13.12,94,111.7,9,3
487,Meet Bhavsar (KUW),9,7,1,104,17.33,88,118.2,10,1
488,LA Dunbar (SRB),2,2,1,104,104.0,62,167.8,5,10
489,Khizar Hayat (MAS),9,8,2,104,17.33,83,125.3,10,2
490,P Sarraf (NEP),12,11,2,104,11.55,111,93.7,12,4
491,Sultan Ahmed (OMA),17,12,3,104,11.55,83,125.3,14,0
492,Khushdil Shah (PAK),7,7,3,103,25.75,89,115.75,11,3
493,I Liyanage (QAT),7,7,1,103,17.16,98,105.1,10,4
494,DJ Mitchell (NZ),12,11,3,103,12.87,86,119.75,6,4
495,Abdul-Shakoor Rahimzei (GER),9,7,1,102,17.0,86,118.6,7,3
496,Rehman Abdul (ITA),7,5,3,102,51.0,103,99.0,7,3
497,G Chaturvedi (MLT),5,4,0,101,25.25,75,134.6,14,1
498,IA De Silva (BUL),6,5,0,101,20.2,85,118.8,6,4
499,DF Jacobs (THA),8,8,0,101,12.62,149,67.75,12,2
500,S Jora (NEP),6,6,1,101,20.2,83,121.7,5,4
501,AV Lalcheta (OMA),17,10,2,101,12.62,82,123.2,9,4
502,Mohammed Nurji (MWI),6,5,3,101,50.5,59,171.1,8,6
503,T Perera (BOT),6,6,0,101,16.83,127,79.5,16,0
504,V Shankar (IND),9,4,0,101,25.25,73,138.4,11,5
505,Hamza Tariq (CAN),15,11,1,100,10.0,82,121.94,4,5
506,Razmal Shigiwal (Aut),5,3,0,100,33.34,78,128.2,3,8
507,BS Stephenson (Blz),3,3,0,100,33.34,72,138.9,9,7
508,RV Uthappa (IND),4,4,2,100,50.0,82,121.94,12,0
509,Ahmed Raza (UAE),41,16,7,99,11.0,130,76.1,2,4
510,BR Dunk (AUS),5,5,0,99,19.8,69,143.5,8,6
511,BFW de Leede (NED),8,7,1,98,16.33,114,85.94,4,2
512,Irfan Bhima (MWI),4,4,0,98,24.5,88,111.4,13,2
513,BR McDermott (AUS),12,10,3,98,14.0,105,93.3,6,2
514,G Manan (ROM),6,5,0,98,19.6,73,134.2,14,3
515,TK Musakanda (ZIM),6,6,0,98,16.33,80,122.5,7,2
516,T Whiteman (LUX),8,6,3,98,32.66,67,146.2,10,1
517,Amir Ali (OMA),10,8,3,97,19.4,65,149.2,11,2
518,Mohammad Nadeem (OMA),25,14,3,97,8.81,111,87.4,7,1
519,Muhammad Kaleem (UAE),9,9,0,97,10.77,116,83.6,9,3
520,S Samarawickrama (SL),7,7,0,97,13.85,93,104.3,9,0
521,AJ Staal (NED),9,8,2,97,16.16,79,122.75,5,5
522,GM Strydom (CAY),6,6,0,97,16.16,89,109.0,6,5
523,F Akankwasa (UGA),3,3,0,95,31.66,53,179.2,7,8
524,Z Hoque (THA),7,7,1,95,15.83,98,96.94,6,4
525,Mehidy Hasan Miraz (BAN),13,11,2,94,10.44,80,117.5,7,4
526,JJ Tucker (BER),5,5,1,94,23.5,97,96.9,11,1
527,J Cutinho (CRC),3,3,0,93,31.0,98,94.9,7,4
528,Mohammad Amin (KUW),9,7,3,93,23.25,92,101.06,8,2
529,MA Ouma (KENYA),12,12,1,93,8.45,114,81.56,11,1
530,Walid Ghauri (NOR),4,4,1,93,31.0,80,116.25,10,2
531,A Ashokan (CZK-R),6,6,0,92,15.33,83,110.8,5,4
532,SC Getkate (IRE),15,13,2,92,8.36,83,110.8,4,4
533,H Patel (CAN),7,7,0,92,13.14,110,83.6,7,0
534,AL Phehlukwayo (SA),27,15,5,92,9.2,86,107.0,10,3
535,MC Sorensen (IRE),26,11,6,92,18.4,79,116.44,4,3
536,DT Tiripano (ZIM),13,9,2,92,13.14,86,107.0,4,5
537,D Wiese (SA),20,11,4,92,13.14,75,122.7,4,3
538,JF Mooney (IRE),14,11,5,91,15.16,70,130.0,12,1
539,CR Woakes (ENG),8,7,4,91,30.33,63,144.5,4,5
540,JN Mohammed (WI),9,8,3,90,18.0,103,87.4,9,1
541,Sagar Pun (NEP),9,9,0,90,10.0,100,90.0,13,0
542,GH Worker (NZ),2,2,0,90,45.0,64,140.6,6,5
543,S Adedeji (NGA),6,6,2,89,22.25,114,78.06,5,2
544,J Barker (LUX),7,6,0,89,14.83,105,84.75,10,1
545,BJ Hodge (AUS),7,6,2,89,22.25,67,132.9,4,4
546,Sandeep Goud (OMA),15,8,3,89,17.8,90,98.9,4,3
547,A Ferguson (Arg),5,3,1,88,44.0,100,88.0,5,1
548,N Madziva (ZIM),15,10,5,88,17.6,80,110.0,4,5
549,Md Shafiqul Haque (THA),4,4,0,88,22.0,62,141.9,5,6
550,Zishan Shah (DEN),6,5,1,88,22.0,87,101.1,7,1
551,PS Airee (NEP),11,11,0,87,7.9,93,93.56,10,1
552,J Botha (SA),15,6,1,87,17.4,72,120.8,6,4
553,Mandeep Singh (IND),3,3,1,87,43.5,73,119.2,11,1
554,XM Marshall (USA),7,7,0,87,12.42,108,80.56,5,2
555,Raza Iqbal (NOR),5,5,0,87,17.4,89,97.75,13,0
556,DI Allan (KENYA),10,10,0,86,8.6,135,63.7,7,0
557,KC D'Souza (BUL),7,6,3,86,28.66,75,114.7,6,3
558,AR Gandhi (KENYA),3,3,1,86,43.0,98,87.75,5,1
559,Mamoon Latif (Belg),7,7,0,86,12.28,97,88.6,4,3
560,P Mishra (BUL),10,9,1,86,10.75,61,141.0,7,6
561,Shamsur Rahman (BAN),9,8,0,86,10.75,85,101.2,12,1
562,H Lakov (BUL),6,6,1,85,17.0,86,98.8,6,0
563,K Mendon (CZK-R),11,7,5,85,42.5,92,92.4,5,2
564,DP Michael (Samoa),4,4,1,85,28.33,82,103.6,1,6
565,AR Nurse (WI),13,8,6,85,42.5,71,119.7,7,3
566,MD Patel (USA),8,8,1,85,12.14,88,96.56,6,4
567,Sulaiman Ali (BUL),6,6,0,85,14.16,77,110.4,6,5
568,RML Taylor (SCOT),9,6,3,85,28.33,58,146.5,6,4
569,SO Tikolo (KENYA),4,4,0,85,21.25,54,157.4,15,2
570,N Khosla (MLT),4,4,0,84,21.0,95,88.44,3,2
571,IO Okpe (NGA),8,8,0,84,10.5,109,77.06,2,2
572,JH Davey (SCOT),21,10,5,83,16.6,63,131.8,5,3
573,PF Gallagher (FIN),3,3,0,83,27.66,68,122.06,4,5
574,Manpreet Singh (ITA),8,6,0,83,13.83,98,84.7,10,1
575,SV Samson (IND),7,7,0,83,11.85,70,118.56,3,4
576,SCJ Broad (ENG),27,15,5,82,8.2,89,92.1,4,2
577,FA Cossa (MOZ),6,6,2,82,20.5,90,91.1,6,4
578,AS Hansra (CAN),8,8,2,82,13.66,85,96.5,4,3
579,T Maruma (ZIM),9,9,4,82,16.4,77,106.5,5,4
580,AK Mohan (FIN),5,5,0,82,16.4,72,113.9,9,1
581,Muhammad Awais (GRC),3,3,2,82,82.0,59,139.0,12,1
582,Shaikh Ashraf (Peru),4,4,0,82,20.5,67,122.4,8,3
583,RM Siri (Arg),4,4,1,82,27.33,80,102.5,6,1
584,Aaron Jones (USA),8,7,3,81,20.25,81,100.0,3,2
585,MO Jones (BER),8,7,2,81,16.2,83,97.56,5,3
586,Mohamed Azzam (MDV),10,9,2,81,11.57,86,94.2,8,0
587,TD Paine (AUS/World),9,7,1,81,13.5,71,114.06,7,3
588,RJ Peterson (SA),15,9,4,81,16.2,72,112.5,10,0
589,V Sehwag (IND),5,5,0,81,16.2,67,120.9,9,2
590,Ahsan Abbasi (HKG),6,6,0,80,13.33,87,91.94,7,2
591,Bilal Tahir (KUW),7,7,1,80,13.33,64,125.0,9,2
592,DAP Darrell (BER),11,10,1,80,8.88,95,84.2,1,5
593,Faizan Asif (UAE),6,6,0,80,13.33,64,125.0,9,3
594,Ijaz Hussain (ROM),5,3,0,80,26.66,76,105.25,7,6
595,Kuldeep Lal (ESP),10,4,0,80,20.0,57,140.4,6,2
596,RK Paudel (NEP),11,10,2,80,10.0,89,89.9,7,0
597,CP Rizwan (UAE),5,4,0,80,20.0,73,109.56,10,1
598,IR Bell (ENG),3,3,0,79,26.33,64,123.44,9,1
599,CK Coventry (ZIM),8,8,1,79,11.28,62,127.44,10,2
600,ZE Green (NAM),16,11,3,79,9.87,78,101.25,4,3
601,SC Kuggeleijn (NZ),16,8,4,79,19.75,37,213.5,5,7
602,Umar Gul (PAK),26,12,3,79,8.77,74,106.75,6,5
603,CD Barnwell (WI),6,6,2,78,19.5,62,125.8,4,4
604,Nurul Hasan (BAN),9,8,4,78,19.5,63,123.8,9,0
605,JDP Oram (NZ),9,6,2,78,19.5,53,147.1,9,2
606,Sahir Naqash (GER),8,6,1,78,15.6,62,125.8,2,5
607,GG Banner (Blz),3,3,1,77,38.5,65,118.44,1,8
608,Mirwais Ashraf (AFG),19,15,7,77,9.62,77,100.0,4,3
609,SA Wijeyeratne (CAN),2,2,0,77,38.5,51,151.0,12,0
610,DR Hooper (GUE),9,8,3,76,15.2,91,83.5,3,1
611,Irfan Ahmed (HKG),8,8,0,76,9.5,83,91.56,4,6
612,HB Kayondo (UGA),3,3,0,76,25.33,69,110.1,2,4
613,EB Knowles (CZK-R),11,10,3,76,10.85,105,72.4,9,0
614,C Munoz-Mills (ESP),11,8,4,76,19.0,71,107.06,5,3
615,Rizwan Mahmood (DEN),5,4,0,76,19.0,61,124.56,3,3
616,AC Voges (AUS),3,2,1,76,76.0,62,122.56,2,2
617,NR Kirton (CAN),5,5,2,75,25.0,83,90.4,4,1
618,IS Sodhi (NZ),50,8,4,75,18.75,66,113.6,4,5
619,AR Cusack (IRE),21,10,5,74,14.8,58,127.56,10,1
620,Hirenkumar Patel (Chile),4,4,0,74,18.5,82,90.25,9,1
621,S Hirugade (Mex),6,6,0,74,12.33,86,86.06,8,2
622,SI Runsewe (NGA),6,6,1,74,14.8,87,85.06,4,0
623,G Venkateswaran (LUX),3,3,1,74,37.0,58,127.56,10,1
624,J Vira (VAN),14,12,4,74,9.25,68,108.8,7,2
625,TS Fray (BER),10,10,1,73,8.11,96,76.06,9,0
626,Khurram Khan (UAE),3,3,0,73,24.33,73,100.0,8,0
627,AR McBrine (IRE),19,11,5,73,12.16,70,104.25,6,1
628,SL Malinga (SL),55,21,5,73,4.56,98,74.5,6,2
629,AM Oyede (NGA),8,8,1,73,10.42,104,70.2,5,1
630,Sazzad Hosen (Belg),4,4,0,73,18.25,74,98.6,9,0
631,RA Thomas (CAN),8,8,1,73,10.42,95,76.8,7,1
632,Yousef Shadzehisarjou (Iran),3,3,0,73,24.33,106,68.9,9,0
633,A Pusthay (FIN),5,5,0,72,14.4,60,120.0,5,1
634,AS Wright (GUE),8,7,0,72,10.28,84,85.7,6,3
635,JE Taylor (WI),13,6,1,71,14.2,54,131.5,7,4
636,T Taylor (CAY),6,6,2,71,17.75,91,78.0,2,5
637,Abdul Hashmi (DEN),8,5,1,70,17.5,66,106.06,4,0
638,Awais Zia (PAK),5,5,0,70,14.0,80,87.5,4,3
639,FF Mulivai (Samoa),4,4,0,70,17.5,37,189.1,2,8
640,T Taibu (ZIM),4,3,1,70,35.0,59,118.6,6,1
641,Hafez Farooq (Peru),4,4,0,69,17.25,67,103.0,7,2
642,C Hauptfleisch (CAY),5,5,0,69,13.8,85,81.2,4,2
643,Ibrarul Haq (KSA),5,4,0,69,17.25,47,146.8,6,4
644,TB Sole (SCOT),9,6,2,69,17.25,43,160.5,9,1
645,J Umanath (Mex),7,7,1,69,11.5,77,89.6,7,2
646,R Ankad (Mex),8,7,3,68,17.0,72,94.44,7,0
647,Dawlat Zadran (AFG),34,17,8,68,7.55,42,161.9,4,6
648,R Escobar (Arg),5,4,1,68,22.66,76,89.5,6,1
649,AR Patel (IND),11,7,3,68,17.0,54,125.94,3,3
650,Sikander Zulfiqar (NED),11,8,1,68,9.71,68,100.0,5,0
651,JNT Vare (PNG),8,7,0,68,9.71,71,95.75,4,0
652,C Viljoen (NAM),12,7,3,68,17.0,70,97.1,7,1
653,TN de Grooth (NED),8,8,4,67,16.75,70,95.7,6,0
654,BJ Haddin (AUS),11,8,2,67,11.16,51,131.4,4,3
655,AJ Michael (Samoa),4,4,1,67,22.33,69,97.1,5,2
656,Zawar Farid (UAE),4,4,0,67,16.75,53,126.44,5,3
657,Abraash Khan (CAN),7,4,0,66,16.5,60,110.0,7,1
658,PHKD Mendis (SL),4,4,0,66,16.5,46,143.5,6,3
659,Mirza Ahsan (Aut),4,4,3,66,66.0,26,253.9,4,7
660,Shahbaz Badar (BHR),5,5,0,66,13.2,72,91.7,9,0
661,J Bulele (MOZ),7,7,0,65,9.28,95,68.44,8,0
662,V Saini (ROM),4,3,1,65,32.5,40,162.5,1,4
663,Abdul Waheed (KSA),3,3,1,64,32.0,40,160.0,11,2
664,Anique Uddin (DEN),6,6,0,64,10.66,79,81.0,3,0
665,Ansar Iqbal (NOR),4,4,0,64,16.0,72,88.9,6,1
666,B Arora (MLT),4,4,0,64,16.0,64,100.0,5,3
667,K Birkenstock (NAM),4,2,0,64,32.0,33,193.9,7,4
668,AG Cremer (ZIM),22,16,5,64,5.81,96,66.7,2,0
669,DP Hyatt (WI),5,5,1,64,16.0,54,118.5,4,4
670,A Natubhai Ahir (PAN),3,3,0,64,21.33,59,108.5,10,1
671,Sadeeq Khan (ROM),3,3,1,64,32.0,42,152.4,3,6
672,Usman Waheed (KUW),6,4,1,64,21.33,61,104.94,6,1
673,V Balakrishnan (BOT),3,3,1,63,31.5,82,76.8,6,1
674,LJ Barker (GUE),10,8,0,63,7.87,69,91.3,8,0
675,Imran Ismail (MOZ),7,7,0,63,9.0,58,108.6,7,3
676,RG Mukasa (UGA),6,6,0,63,10.5,99,63.62,2,2
677,Sultan Ahmed (UAE),22,13,5,63,7.87,61,103.25,1,4
678,Kushal Malla (NEP),6,5,1,62,15.5,49,126.5,9,2
679,GP Swann (ENG),19,8,5,62,20.66,53,117.0,7,1
680,OD Hald (DEN),9,8,1,61,8.71,57,107.0,4,2
681,Hasan Ali (PAK),30,10,5,61,12.2,35,174.2,3,5
682,R Nehonde (BOT),7,7,1,61,10.16,79,77.2,3,1
683,NM Odhiambo (KENYA),15,8,2,61,10.16,94,64.9,4,1
684,Saeed Ajmal (PAK),35,13,5,61,7.62,57,107.0,5,1
685,A Sathya (Mex),3,3,0,61,20.33,61,100.0,3,2
686,PH Shamdasani (Peru),4,4,1,61,20.33,72,84.75,3,1
687,AJ Tye (AUS),28,11,5,61,10.16,55,110.9,4,3
688,M Vijay (IND),3,3,0,61,20.33,42,145.2,8,2
689,DE Budge (SCOT),6,4,2,60,30.0,59,101.7,2,3
690,LM Jongwe (ZIM),8,7,0,60,8.57,65,92.3,4,1
691,J Kila (PNG),12,5,3,60,30.0,31,193.5,4,5
692,Mohammad Adnan (KSA),5,3,3,60,0.0,0,0.0,4,5
693,Mominul Haque (BAN),6,4,1,60,20.0,50,120.0,5,2
694,K Waiswa (UGA),3,3,0,60,20.0,47,127.6,6,2
695,Zameer Khan (DEN),2,2,1,60,60.0,61,98.4,4,0
696,Zeeshan Siddiqui (OMA),5,5,1,60,15.0,63,95.25,7,0
697,Ariful Haque (BAN),9,8,4,59,14.75,61,96.75,4,0
698,Hayatullah Niazi (NOR),4,4,1,59,19.66,47,125.5,3,3
699,Muhammad Saleem (BRA),4,4,0,59,14.75,54,109.25,5,1
700,AK Perera (SL),6,5,0,59,11.8,65,90.75,5,1
701,SN Thakur (IND),17,3,2,59,59.0,30,196.6,3,4
702,C Zavoiu (ROM),7,5,0,59,11.8,79,74.7,4,0
703,Aamer Ikram (PORT),4,4,0,58,14.5,73,79.44,4,4
704,Abu Hider (BAN),13,5,4,58,58.0,43,134.9,5,4
705,D Heyliger (CAN),11,7,5,58,29.0,42,138.1,2,3
706,JJ Huo (MOZ),7,7,0,58,8.28,61,95.06,7,2
707,WB Rankin (ENG/IRE),44,13,7,58,9.66,64,90.6,3,3
708,P Utseya (ZIM),22,13,6,58,8.28,69,84.06,4,1
709,Fayyaz Butt (OMA),14,6,4,57,28.5,48,118.75,4,2
710,C Jonker (SA),2,2,0,57,28.5,29,196.5,5,3
711,A Makesh (KUW),4,2,1,57,57.0,41,139.0,3,4
712,GP Meade (ITA),8,5,0,57,11.4,63,90.5,4,1
713,A Sarma (GER),4,3,0,57,19.0,67,85.06,3,1
714,Sohag Gazi (BAN),10,7,3,57,14.25,59,96.6,3,1
715,AJ Turner (AUS),11,7,3,57,14.25,57,100.0,1,2
716,Amjad Sher (FIN),5,5,0,56,11.2,36,155.5,1,4
717,M Dixit (LUX),5,3,0,56,18.66,62,90.3,6,2
718,P Manning (CAY),6,6,1,56,11.2,89,62.9,4,0
719,MJ Ross (ITA),8,5,1,56,14.0,42,133.4,2,3
720,SMSM Senanayake (SL),24,12,6,56,9.33,66,84.8,3,1
721,DF Watts (SCOT),3,3,0,56,18.66,49,114.25,3,1
722,Abrar Bilal (Aut),4,3,1,55,27.5,43,127.9,7,2
723,D Ajekun (NGA),6,6,0,55,9.16,81,67.9,6,1
724,C Carter (HKG),10,5,1,55,13.75,63,87.3,3,0
725,KM Jarvis (ZIM),22,12,5,55,7.85,64,85.94,1,4
726,OE Newey (GUE),7,6,1,55,11.0,66,83.3,2,0
727,JW Chilia (VAN),14,7,4,54,18.0,54,100.0,3,3
728,TK Curran (ENG),27,11,7,54,13.5,47,114.9,0,4
729,JSE Dunford (JER),17,9,3,54,9.0,67,80.56,2,0
730,MSS Mandy (Chile),4,4,0,54,13.5,67,80.56,8,0
731,SMA Priyanjan (SL),3,3,2,54,54.0,62,87.06,1,2
732,Aphsal Ashraf (KUW),5,3,1,53,26.5,32,165.6,1,5
733,S Jamil (Belg),6,6,0,53,8.83,65,81.5,6,2
734,Usman Limbada (CAN),4,3,2,53,53.0,41,129.2,6,0
735,MRJ Watt (SCOT),35,11,6,53,10.6,40,132.5,6,1
736,TS Bharaj (DEN),9,8,0,52,6.5,77,67.5,2,0
737,G Caisley (BRA),4,4,0,52,13.0,59,88.1,3,2
738,SJ Cotter (Samoa),4,4,0,52,13.0,62,83.9,4,1
739,IDA Damarell (GUE),1,1,0,52,52.0,31,167.8,6,3
740,Fitri Sham (MAS),22,13,5,52,6.5,67,77.6,2,1
741,RP Magar (NEP),6,6,0,52,8.66,89,58.4,0,3
742,A Manousis (GRC),3,3,1,52,26.0,49,106.1,5,1
743,DM Nakrani (UGA),4,4,1,52,17.33,48,108.3,2,3
744,Ovais Yousof (NGA),3,3,0,52,17.33,70,74.25,5,0
745,Anasim Khan (BHR),8,6,1,51,10.2,52,98.06,2,1
746,TGJ Gruijters (NED),8,5,3,51,25.5,47,108.5,3,1
747,Junaid Aziz (BHR),4,3,1,51,25.5,43,118.6,6,1
748,V Mbazo (BOT),4,3,1,51,25.5,67,76.1,3,0
749,Z Arinaitwe (UGA),6,6,0,50,8.33,60,83.3,8,1
750,Hilal Ahmad (CZK-R),10,10,2,50,6.25,67,74.6,2,0
751,Md Nurul Huda (FIN),5,4,2,50,25.0,32,156.2,4,2
752,Ameel Mauroof (MDV),13,10,5,49,9.8,68,72.06,3,0
753,A Dananjaya (SL),22,12,4,49,6.12,57,85.94,6,0
754,JN Frylinck (NAM),14,7,4,49,16.33,47,104.25,2,1
755,Junaid Siddiqui (CAN),13,7,3,49,12.25,41,119.5,2,2
756,Nanda Kumar (CRC),3,3,0,49,16.33,58,84.5,3,2
757,DA Rankin (IRE),2,2,0,49,24.5,54,90.75,3,2
758,DC Smith (PHI),4,4,1,49,16.33,53,92.44,5,0
759,HS Baidwan (CAN),6,5,0,48,9.6,42,114.25,4,1
760,PJ Cummins (AUS),30,13,6,48,6.85,42,114.25,3,2
761,D Klein (GER),2,2,2,48,0.0,0,0.0,4,2
762,Muhammad Nadeem (KSA),5,3,0,48,16.0,49,97.94,7,1
763,MIA Patel (MWI),3,2,1,48,48.0,44,109.06,6,1
764,Qalandar Khan (QAT),4,3,0,48,16.0,43,111.6,2,3
765,Ravinder Singh (MLT),5,3,0,48,16.0,31,154.9,3,3
766,YSD Seneveratne (CAY),6,6,0,48,8.0,79,60.75,5,1
767,J Singye (BHU),2,2,0,48,24.0,64,75.0,2,0
768,ES Szwarczynski (NED),6,5,1,48,12.0,58,82.75,4,0
769,Abdul Razzaq (PAK),6,5,1,47,11.75,63,74.6,4,1
770,M Aboagye (GHA),3,3,1,47,23.5,53,88.7,3,0
771,VD Adewoye (NGA),7,6,2,47,11.75,42,111.9,4,2
772,Delawar Khan (DEN),9,8,1,47,6.71,40,117.5,0,4
773,Shiraz Khan (KUW),11,8,2,47,7.83,48,97.94,3,2
774,D Weston (GER),6,6,0,47,7.83,54,87.0,5,1
775,SA Ahmad (DEN),5,3,1,46,23.0,54,85.2,2,0
776,K Gupta (Chile),4,4,1,46,15.33,64,71.9,1,0
777,MM Iqbal (SCOT),6,3,0,46,15.33,45,102.25,4,1
778,DO Obuya (KENYA),4,4,0,46,11.5,77,59.75,2,0
779,AU Rashid (ENG),47,16,9,46,6.57,50,92.0,4,0
780,S Ateak (GHA),3,3,0,45,15.0,48,93.75,6,1
781,R Bakum (GHA),4,4,0,45,11.25,45,100.0,4,2
782,Haseeb Amjad (HKG),18,10,6,45,11.25,45,100.0,3,1
783,MG Hunter (GIBR),4,3,0,45,15.0,61,73.75,2,1
784,B Ivanov (BUL),8,4,2,45,22.5,71,63.38,3,1
785,NJ Maddinson (AUS),6,4,0,45,11.25,35,128.6,6,1
786,T Munyonga (ZIM),5,3,2,45,45.0,34,132.4,3,1
787,Murid Ekrami (Belg),7,4,1,45,15.0,51,88.25,2,0
788,Nazril Rahman (MAS),11,6,2,45,11.25,49,91.8,4,0
789,VE Tembo (MOZ),6,5,2,45,15.0,52,86.5,2,0
790,Yasar Haroon (BRA),4,4,0,45,11.25,62,72.56,4,1
791,Zohaib Sarwar (PORT),4,4,1,45,15.0,46,97.8,1,4
792,AJ Ayannaike (NGA),3,3,0,44,14.66,43,102.3,4,2
793,AA Banner (Blz),3,2,0,44,22.0,29,151.8,4,3
794,L Emilio (MOZ),5,4,0,44,11.0,35,125.7,4,1
795,GF Gomes (MOZ),7,6,1,44,8.8,46,95.6,6,1
796,Ismat Ullah (BRA),4,4,0,44,11.0,47,93.6,4,1
797,Saad Nasim (PAK),3,2,0,44,22.0,53,83.0,0,1
798,Abdul Wahid (KSA),8,5,1,43,10.75,45,95.56,5,1
799,S Badree (WI/World),52,16,10,43,7.16,65,66.1,1,1
800,S Badrinath (IND),1,1,0,43,43.0,37,116.2,5,0
801,P Baron (Arg),5,3,0,43,14.33,38,113.1,0,4
802,TS Chisoro (ZIM),14,7,3,43,10.75,47,91.5,2,2
803,SM Curran (ENG),8,5,1,43,10.75,31,138.8,3,3
804,HG Kuhn (SA),4,4,1,43,14.33,36,119.44,3,2
805,S Matsikenyeri (ZIM),2,2,0,43,21.5,37,116.2,2,3
806,A McAuley (IOM),1,1,0,43,43.0,53,81.1,3,0
807,Mustafizur Rahman (BAN),41,15,5,43,4.3,55,78.2,3,3
808,SE Rutherford (WI),6,4,0,43,10.75,36,119.44,1,3
809,Saad Bin Zafar (CAN),11,4,1,43,14.33,33,130.2,3,2
810,M Sohel Patel (PAN),2,2,0,43,21.5,39,110.25,2,3
811,Amjad Ali (UAE),5,5,1,42,10.5,52,80.75,6,0
812,F Baaleri (GHA),4,4,0,42,10.5,60,70.0,6,0
813,Ibrahim Hassan (MDV),14,10,3,42,6.0,68,61.75,0,0
814,Mohamed Mahfooz (MDV),11,5,0,42,8.4,53,79.25,3,0
815,Muaviath Ganee (MDV),5,4,0,42,10.5,44,95.44,3,1
816,LE Plunkett (ENG),21,11,4,42,6.0,34,123.5,3,1
817,AT Rayudu (IND),6,5,1,42,10.5,50,84.0,5,0
818,M Sert (TKY),4,4,1,42,14.0,59,71.2,5,0
819,SSM Stanislaus (MLT),3,2,1,42,42.0,33,127.25,1,2
820,DC Stovell (BER),6,6,1,42,8.4,50,84.0,5,0
821,JK Vifah (GHA),3,3,0,42,14.0,45,93.3,2,1
822,KJ Young (Blz),3,3,2,42,42.0,34,123.5,3,1
823,Abdullah Shafique (PAK),3,3,1,41,20.5,37,110.8,4,1
824,Ainool Hafizs (MAS),3,3,0,41,13.66,39,105.1,3,1
825,Ali Mohammadipour (Iran),3,3,1,41,20.5,44,93.2,6,0
826,S Browne (LUX),4,4,0,41,10.25,49,83.7,4,0
827,K Joshi (Aut),5,3,1,41,20.5,41,100.0,4,2
828,GF Linde (SA),3,2,0,41,20.5,26,157.8,3,2
829,B Mavuta (ZIM),3,3,2,41,41.0,23,178.2,3,2
830,K Pala (PNG),2,2,1,41,41.0,30,136.6,4,2
831,D Sheeli (KUW),5,5,0,41,8.2,43,95.3,5,0
832,JH Stander (SCOT),5,5,1,41,10.25,36,113.9,2,1
833,Amir Hamza (AFG),31,9,5,40,10.0,38,105.25,3,1
834,BCJ Cutting (AUS/World),7,5,1,40,10.0,27,148.1,2,3
835,Imran Bulbulia (PAN),3,3,0,40,13.33,42,95.25,4,1
836,LA Musiani (Arg),5,5,1,40,10.0,60,66.7,4,0
837,E Packard (GIBR),4,4,0,40,10.0,49,81.6,2,1
838,S Rakshit (CZK-R),6,5,1,40,10.0,44,90.9,5,1
839,S Ravikumar (CRC),3,3,1,40,20.0,44,90.9,3,1
840,Sahibzada Farhan (PAK),3,3,0,40,13.33,46,86.94,2,3
841,F Stoman (PORT),4,4,1,40,13.33,61,65.56,1,1
842,Talha Khan (GER),1,1,1,40,0.0,0,0.0,4,0
843,Tariq Aziz (PORT),4,4,1,40,13.33,47,85.1,1,2
844,KDK Vithanage (SL),3,3,0,40,13.33,34,117.6,7,0
845,Washington Sundar (IND),26,9,3,40,6.66,27,148.1,3,3
846,Imran Khan (PORT),4,3,1,39,19.5,32,121.9,2,3
847,H Ivanov (BUL),8,4,0,39,9.75,39,100.0,2,1
848,Khalid Ahmadi (Belg),4,3,2,39,39.0,14,278.5,4,3
849,Munir Dar (HKG),2,2,0,39,19.5,33,118.2,3,1
850,IK Pathan (IND),8,2,0,39,19.5,38,102.6,3,1
851,Rafatullah Mohmand (PAK),3,3,0,39,13.0,45,86.7,4,0
852,P Silas (BOT),4,3,0,39,13.0,44,88.6,1,1
853,S Tobgay (BHU),2,2,0,39,19.5,58,67.25,1,0
854,PA van Meekeren (NED),41,9,1,39,4.87,40,97.5,0,3
855,RI Ahmed (NED),2,2,0,38,19.0,50,76.0,2,0
856,Ameer Saiyed (BOT),4,3,0,38,12.66,47,80.9,4,0
857,R Flannigan (SCOT),4,4,1,38,12.66,33,115.1,4,0
858,Imran Haider (ROM),3,3,0,38,12.66,40,95.0,4,1
859,TS Kamunhukamwe (ZIM),2,2,0,38,19.0,30,126.7,6,1
860,D Kansonkho (MWI),7,4,0,38,9.5,47,80.9,5,0
861,AK Kitchen (NZ),5,4,1,38,12.66,32,118.75,3,1
862,LC Le Tissier (GUE),10,8,2,38,0.0,0,0.0,3,0
863,BF Mailata (Samoa),4,4,0,38,9.5,48,79.2,2,1
864,Mohammed Sameer (BHR),2,2,0,38,19.0,29,131.0,6,1
865,F Mutizwa (ZIM),3,3,0,38,12.66,36,105.56,3,0
866,H Pragji (BOT),4,4,1,38,12.66,65,58.47,1,0
867,U Aryaman Sunil (SGP),5,4,0,37,9.25,24,154.1,2,2
868,Basil Hameed (UAE),4,3,0,37,12.33,33,112.1,2,1
869,VD Chandra (PAN),3,2,0,37,18.5,30,123.3,3,3
870,I Danladi (NGA),3,2,0,37,18.5,38,97.4,4,1
871,CJ Delany (GIBR),4,4,0,37,9.25,60,61.66,2,0
872,RM Hira (NZ),15,3,1,37,18.5,33,112.1,4,1
873,J Hirschi (MLT),4,4,0,37,9.25,62,59.66,0,0
874,AF Ifill (CAY),6,6,1,37,0.0,0,0.0,2,1
875,R Kumar (ROM),4,3,1,37,18.5,27,137.0,6,0
876,S Kushretha (LUX),4,3,0,37,12.33,39,94.9,2,0
877,D Manani (ROM),2,2,1,37,37.0,32,115.6,4,1
878,K Rabada (SA),26,7,3,37,9.25,39,94.9,3,2
879,S Sola (Samoa),4,3,0,37,12.33,36,102.75,1,3
880,CA Soper (PNG),13,6,4,37,18.5,41,90.25,0,3
881,HA Varaiya (KENYA),15,8,7,37,37.0,59,62.72,1,0
882,BM Wheeler (NZ),6,4,2,37,18.5,28,132.1,3,2
883,Ahsan Ali (PAK),2,2,0,36,18.0,39,92.3,4,0
884,RJ Campbell (HKG),3,3,0,36,12.0,47,76.56,6,0
885,J Dunn (VAN),4,3,0,36,12.0,41,87.8,0,1
886,V Ganesan (GER),6,5,0,36,7.2,47,76.56,0,0
887,J Jojo (DEN),7,5,3,36,18.0,27,133.4,1,1
888,TE Kane (IRE),7,3,1,36,18.0,23,156.5,5,0
889,WP Masakadza (ZIM),13,7,3,36,9.0,38,94.75,4,0
890,Mohammed Qasim (UAE),3,3,1,36,18.0,51,70.56,2,0
891,Mohsin Hub (Peru),4,4,1,36,12.0,41,87.8,2,0
892,PA Patel (IND),2,2,0,36,18.0,32,112.5,4,1
893,RJ Trott (BER),12,7,3,36,9.0,60,60.0,3,0
894,C Zhuwao (ZIM),4,4,0,36,9.0,41,87.8,5,1
895,Abdul Shakoor (UAE),6,4,2,35,17.5,40,87.5,3,0
896,MP Biddappa (PHI),4,2,1,35,35.0,47,74.44,1,1
897,STR Binny (IND),3,2,0,35,17.5,29,120.7,2,1
898,CD de Lange (SCOT),8,3,0,35,11.66,22,159.1,2,2
899,L Gregory (ENG),8,6,1,35,7.0,30,116.7,2,2
900,L Hermida (Mex),5,5,2,35,11.66,50,70.0,1,0
901,Imran Anwar (BHR),8,5,2,35,11.66,44,79.56,2,0
902,Imran Farhat (PAK),2,2,0,35,17.5,25,140.0,7,0
903,JN Malan (SA),2,2,0,35,17.5,37,94.56,3,2
904,VV Morea (PNG),5,5,0,35,7.0,44,79.56,4,0
905,D Murphy (SCOT),4,4,3,35,35.0,35,100.0,1,0
906,Nazakat Ali (NOR),2,2,0,35,17.5,31,112.9,1,3
907,Robert Raina (THA),4,4,0,35,8.75,68,51.47,3,1
908,Shuvagata Hom (BAN),5,4,2,35,17.5,35,100.0,3,1
909,DK Anefie (GHA),4,4,2,34,17.0,38,89.5,2,0
910,Arafat Sunny (BAN),10,6,3,34,11.33,30,113.3,3,1
911,Hammad Azam (PAK),5,4,1,34,11.33,34,100.0,3,1
912,Nadeem Ahmed (HKG),24,9,4,34,6.8,55,61.8,2,0
913,Saqib Zulfiqar (NED),6,4,0,34,8.5,43,79.06,1,0
914,A Sharafu (UAE),5,4,1,34,11.33,33,103.0,0,3
915,JTS Sumerauer (JER),8,6,1,34,6.8,39,87.2,3,0
916,W Viraliliu (VAN),10,7,3,34,8.5,26,130.8,3,2
917,SM Davies (ENG),2,2,0,33,16.5,28,117.9,3,0
918,PSP Handscomb (AUS),2,2,1,33,33.0,33,100.0,1,0
919,MG Johnson (AUS),6,4,3,33,33.0,33,100.0,1,1
920,FJ Klaassen (NED),21,7,1,33,5.5,34,97.06,2,0
921,K Nestor (GIBR),4,4,1,33,11.0,35,94.25,1,2
922,I Pandey (NEP),4,4,0,33,8.25,50,66.0,5,0
923,Simandeep Singh (HKG),7,7,2,33,6.6,32,103.1,2,0
924,Waseem Abbas (MLT),5,3,2,33,33.0,12,275.0,0,4
925,AA Westphal (Mex),5,5,0,33,6.6,40,82.5,3,0
926,KS Bagabena (GHA),4,3,2,32,32.0,32,100.0,1,0
927,TG Gordon (CAN),3,3,0,32,10.66,37,86.5,3,0
928,LHB Harrington-Myers (CAY),4,4,1,32,10.66,39,82.06,1,1
929,Khizer Ahmed (NOR),5,4,2,32,16.0,47,68.06,1,0
930,CB Mpofu (ZIM),24,10,6,32,8.0,41,78.06,3,1
931,KRP Silva (USA),2,2,0,32,16.0,12,266.8,2,3
932,J Theron (SA),5,3,3,32,0.0,0,0.0,3,1
933,JC Tredwell (ENG),17,6,3,32,10.66,20,160.0,4,1
934,PVD Chameera (SL),19,10,6,31,7.75,40,77.5,3,0
935,P Chandran (Mex),3,3,0,31,10.33,47,65.94,2,1
936,R Dravid (IND),1,1,0,31,31.0,21,147.6,0,3
937,JW Hastings (AUS),8,5,2,31,10.33,29,106.9,1,1
938,Jasdeep Singh (USA),4,2,0,31,15.5,25,124.0,0,3
939,AS Mehmi (GRC),3,2,1,31,31.0,29,106.9,2,1
940,Naeem Islam (BAN),3,3,0,31,10.33,27,114.8,4,1
941,VS Padhaal (FIN),5,5,0,31,6.2,44,70.44,4,0
942,YK Pathan (IND),4,3,1,31,15.5,26,119.25,1,2
943,ACF Stokes (GUE),8,5,0,31,6.2,26,119.25,6,0
944,Tafseer Ali (NOR),5,4,1,31,10.33,53,58.5,1,0
945,PJ van Biljon (SA),5,4,2,31,15.5,28,110.7,3,0
946,Zubaidi Zulkifle (MAS),4,4,0,31,7.75,29,106.9,2,2
947,Abdur Razzak (BAN),21,11,5,30,0.0,0,0.0,1,0
948,D Cato (CAY),3,3,0,30,10.0,59,50.84,2,0
949,Imran Butt (BHR),4,3,0,30,10.0,25,120.0,3,1
950,Navid Balouch (Iran),3,3,1,30,15.0,50,60.0,1,0
951,DLS van Bunge (NED),4,3,2,30,30.0,28,107.1,1,2
952,Abdullah Akbarjan (Aut),5,1,0,29,29.0,17,170.6,3,1
953,B Masaba (UGA),2,1,0,29,29.0,25,116.0,3,1
954,BJ McCarthy (IRE),10,6,2,29,7.25,23,126.06,0,2
955,Mien Mehmood (PORT),4,4,0,29,7.25,41,70.75,1,1
956,SH Obed (VAN),12,7,2,29,0.0,0,0.0,1,0
957,C Pengkumta (THA),5,4,2,29,14.5,41,70.75,2,0
958,S Rossi (Arg),5,4,1,29,9.66,27,107.4,2,1
959,J Salazar (Peru),2,2,1,29,29.0,36,80.56,0,0
960,Taskin Ahmed (BAN),19,6,3,29,9.66,31,93.56,3,1
961,VP Thamotharam (MLT),2,2,1,29,29.0,18,161.1,4,1
962,Ahsan Malik (NED),31,8,5,28,9.33,30,93.3,1,1
963,KK Ahuja (Mex),8,7,0,28,0.0,0,0.0,1,1
964,Amjad Khan (UAE),4,3,0,28,9.33,30,93.3,3,1
965,Iqbal Hussain (QAT),22,8,3,28,5.6,34,82.4,3,0
966,NG Jones (IRE),4,3,2,28,28.0,24,116.7,0,2
967,EJB Miles (JER),14,4,2,28,14.0,31,90.3,1,0
968,H Osinde (CAN),5,4,1,28,9.33,26,107.7,1,2
969,CW Perchard (JER),15,5,2,28,9.33,35,80.0,0,0
970,R Pillai (GER),6,5,1,28,7.0,44,63.62,1,0
971,Sharafuddin Ashraf (AFG),8,4,1,28,9.33,29,96.56,1,1
972,Vinod Kumar (ESP),4,4,1,28,9.33,34,82.4,3,0
973,Yasir Arafat (PAK),6,4,0,28,7.0,38,73.7,1,1
974,Abdul Shakoor (ROM),4,3,1,27,13.5,35,77.1,1,0
975,Ahmed Wardak (GER),10,4,2,27,13.5,38,71.06,1,0
976,TP Allen (USA),5,3,1,27,13.5,17,158.9,0,3
977,G Bakiweyem (GHA),3,2,1,27,27.0,30,90.0,0,0
978,TC Barker (LUX),4,4,0,27,6.75,33,81.8,1,0
979,NE Bonner (WI),2,2,0,27,13.5,38,71.06,2,0
980,RM Dorji (BHU),1,1,0,27,27.0,23,117.4,0,4
981,H Fennell (Arg),5,5,2,27,9.0,23,117.4,4,1
982,S Hongsi (THA),3,3,3,27,0.0,0,0.0,3,1
983,Muhammad Younis (BHR),3,3,0,27,9.0,21,128.6,5,0
984,SNJ O'Keefe (AUS),6,4,0,27,6.75,18,150.0,3,1
985,SS Pathirana (SL),5,5,0,27,5.4,24,112.5,3,0
986,Shoaib Qureshi (FIN),5,4,0,27,6.75,34,79.44,2,0
987,Waqas Ali (Belg),2,2,0,27,13.5,31,87.06,0,2
988,Zulfiqar Babar (PAK),7,3,3,27,0.0,0,0.0,2,1
989,A Ahmadhel (BUL),6,4,1,26,8.66,31,83.9,2,0
990,SE Aquilina (MLT),7,5,0,26,5.2,37,70.25,2,0
991,Arsalan Arif (Aut),1,1,1,26,0.0,0,0.0,5,0
992,TB de Bruyn (SA),2,2,0,26,13.0,16,162.5,3,1
993,R Goodwin (PHI),4,4,1,26,8.66,36,72.25,1,0
994,Izatullah Dawlatzai (AFG/GER),16,4,3,26,26.0,16,162.5,2,2
995,G Kansonkho (MWI),6,3,1,26,13.0,21,123.8,4,0
996,CT Mumba (ZIM),2,2,1,26,26.0,17,153.0,3,1
997,GBW Munaweera (QAT),12,4,2,26,0.0,0,0.0,2,0
998,TJ Murtagh (IRE),14,5,3,26,13.0,25,104.0,0,1
999,S Nadigotla (ROM),3,3,0,26,8.66,29,89.6,1,0
1000,LN Oluoch (KENYA),10,6,3,26,8.66,33,78.75,2,0
1001,E Otieno (KENYA),18,8,3,26,0.0,0,0.0,0,1
1002,TK Saha (FIN),4,4,3,26,26.0,23,113.06,1,0
1003,Shapoor Zadran (AFG),28,10,4,26,4.33,57,45.62,0,3
1004,C Wright (CAY),6,5,2,26,8.66,31,83.9,2,0
1005,P Agnihotri (NOR),2,2,0,25,12.5,36,69.44,2,0
1006,Asrar Ahmed (GRC),3,1,0,25,25.0,27,92.56,2,0
1007,RA Bhatti (CAN),4,4,1,25,8.33,37,67.56,1,0
1008,AM Ellis (NZ),5,5,2,25,8.33,21,119.06,1,1
1009,T Jamtsho (BHU),2,2,1,25,25.0,27,92.56,1,1
1010,Junaid Siddique (BAN),2,2,0,25,12.5,24,104.2,3,1
1011,JH Kiani (PHI),4,3,1,25,12.5,36,69.44,2,0
1012,KR Mayers (WI),2,2,1,25,25.0,18,138.9,1,2
1013,G Murali (CRC),3,3,0,25,8.33,44,56.8,1,0
1014,PM Nevill (AUS),9,5,4,25,25.0,11,227.2,1,2
1015,SA Okpe (NGA),8,6,1,25,5.0,46,54.34,1,0
1016,Raza-ur-Rehman (CAN),5,4,0,25,6.25,29,86.2,3,0
1017,A Srivastav (Chile),4,4,0,25,6.25,37,67.56,2,0
1018,Tahir Dar (BHR),4,2,0,25,12.5,25,100.0,1,2
1019,Adil Hanif (BHR),4,2,0,24,12.0,23,104.3,3,0
1020,Azyan Farhath (MDV),2,2,1,24,24.0,22,109.06,2,0
1021,MO Bacarese (GIBR),3,2,0,24,12.0,37,64.9,0,1
1022,JW Dernbach (ENG),34,7,2,24,4.8,21,114.25,3,0
1023,Fareed Ahmad (AFG),14,1,1,24,0.0,0,0.0,4,0
1024,Harbhajan Singh (IND),6,4,3,24,24.0,12,200.0,2,1
1025,Jagjit Singh (Peru),4,4,0,24,6.0,30,80.0,1,0
1026,Kaleemullah (OMA),8,3,0,24,8.0,14,171.4,0,3
1027,S Lamichhane (ICC/NEP),21,10,4,24,0.0,0,0.0,1,0
1028,MJ McClenaghan (ICC/NZ),29,8,4,24,6.0,23,104.3,1,2
1029,Rameez Raja (2) (PAK),2,2,0,24,12.0,29,82.75,2,0
1030,B Regmi (NEP),18,11,4,24,3.42,56,42.84,2,0
1031,GC Smith (SA),2,2,0,24,12.0,28,85.7,1,1
1032,MA Starc (AUS),35,10,5,24,4.8,26,92.3,0,1
1033,KJ Abbott (SA),21,6,4,23,11.5,20,115.0,2,0
1034,Bilawal Bhatti (PAK),9,4,2,23,11.5,14,164.2,2,1
1035,DL Brangman (BER),5,4,2,23,11.5,25,92.0,2,1
1036,DT Christian (AUS),13,6,2,23,0.0,0,0.0,1,0
1037,M Cope (LUX),6,5,3,23,11.5,33,69.7,3,0
1038,C Floyd (NED),2,2,1,23,23.0,23,100.0,2,1
1039,Hardev Singh (Chile),3,3,0,23,7.66,48,47.9,1,0
1040,Ibrahim Rizan (MDV),8,6,3,23,7.66,33,69.7,2,0
1041,RK Inampud (Mex),3,3,2,23,23.0,28,82.1,0,1
1042,B Kumar (IND),43,9,5,23,0.0,0,0.0,0,0
1043,JB Little (IRE),17,8,3,23,0.0,0,0.0,3,0
1044,N Master (BOT),2,2,0,23,11.5,18,127.75,4,0
1045,T Panyangara (ZIM),14,5,4,23,23.0,17,135.2,1,2
1046,VM Sachdev (PAN),2,2,1,23,23.0,31,74.2,2,0
1047,S Sohal (USA),3,2,0,23,11.5,29,79.3,1,1
1048,A Zampa (AUS),36,6,4,23,0.0,0,0.0,2,0
1049,Aminul Islam (BAN),7,4,3,22,0.0,0,0.0,4,0
1050,DNA Ankrah (GHA),4,3,0,22,7.33,43,51.16,2,0
1051,OO Bascome (BER),2,2,0,22,11.0,23,95.6,3,0
1052,TA Boult (NZ),29,8,3,22,0.0,0,0.0,1,0
1053,PD Collingwood (ENG/World),3,2,0,22,11.0,30,73.3,2,0
1054,PC de Silva (SL),2,2,0,22,11.0,22,100.0,1,0
1055,Farhad Reza (BAN),6,4,0,22,0.0,0,0.0,1,0
1056,DR Flynn (NZ),1,1,0,22,22.0,19,115.75,0,2
1057,RK Kleinveldt (SA),4,2,1,22,22.0,7,0.0,1,3
1058,AK Muslar (Blz),3,3,0,22,7.33,27,81.5,1,2
1059,D Nikolov (BUL),7,4,1,22,7.33,47,46.8,2,0
1060,Umair Ali (UAE),3,3,2,22,22.0,18,122.25,2,1
1061,Anas Khan (HKG),1,1,1,21,0.0,0,0.0,2,0
1062,BB Chari (ZIM),3,3,0,21,7.0,31,67.75,4,0
1063,G Goudie (SCOT),8,5,2,21,7.0,17,123.5,1,1
1064,Imam-ul-Haq (PAK),2,2,0,21,10.5,25,84.0,2,0
1065,Kamran Shazad (UAE),3,2,0,21,10.5,17,123.5,1,2
1066,Karweng NG (PHI),4,3,0,21,7.0,30,70.0,0,1
1067,LD Madushanka (SL),2,2,0,21,10.5,26,80.75,1,0
1068,C Mahoney (Peru),3,1,0,21,21.0,27,77.75,1,0
1069,S Murari (CRC),3,3,1,21,10.5,20,105.0,2,0
1070,Rony Talukdar (BAN),1,1,0,21,21.0,22,95.44,0,1
1071,SF Tiai (Samoa),4,3,0,21,7.0,22,95.44,2,0
1072,E Ul Haq (NOR),5,5,0,21,4.2,36,58.34,2,0
1073,CA Young (IRE),32,9,6,21,0.0,0,0.0,2,0
1074,Ainool Haqqiem (MAS),4,2,1,20,20.0,20,100.0,1,0
1075,Amar Sharma (MLT),3,1,0,20,20.0,16,125.0,1,1
1076,KK Flowers (Blz),3,3,1,20,10.0,33,60.6,3,0
1077,Z Groenewald (NAM),10,4,1,20,6.66,35,57.12,0,0
1078,R Heyns (LUX),2,1,0,20,20.0,16,125.0,3,1
1079,Kuldeep Yadav (IND),21,2,1,20,20.0,20,100.0,2,0
1080,Mahedi Hasan (BAN),4,2,0,20,10.0,23,86.94,1,1
1081,Mohammad Amir (PAK),32,8,4,20,5.0,36,55.56,1,1
1082,M Morkel (SA/World),27,6,4,20,10.0,13,153.9,3,1
1083,Naiem Bameri (Iran),3,3,0,20,6.66,57,35.1,0,0
1084,N Pokana (PNG),19,7,5,20,10.0,28,71.44,0,0
1085,PADLR Sandakan (SL),17,6,3,20,6.66,27,74.06,2,0
1086,JRMVB Sanjaya (SL),8,5,2,20,0.0,0,0.0,3,0
1087,JOP Scamans (FIN),2,2,1,20,20.0,19,105.25,1,0
1088,A Uniyal (Chile),3,3,1,20,10.0,23,86.94,2,0
1089,C Waiswa (UGA),7,2,1,20,20.0,14,142.9,1,1
1090,V Aravind (UAE),5,2,0,19,9.5,27,70.4,2,0
1091,Aziz Mohammad (Belg),3,3,1,19,9.5,25,76.0,0,2
1092,Bilal Ahmed (SRB),1,1,0,19,19.0,28,67.9,1,1
1093,Bilal Khan (OMA),35,11,8,19,6.33,30,63.34,1,0
1094,CJ Dala (SA),9,4,3,19,19.0,28,67.9,1,0
1095,P Danci (ROM),4,3,1,19,9.5,26,73.06,3,0
1096,Fahad Tariq (UAE),6,5,1,19,4.75,24,79.2,1,1
1097,P Florin (ROM),8,4,1,19,6.33,22,86.4,2,0
1098,Imran Tahir (SA/World),38,4,3,19,19.0,18,105.56,1,1
1099,Irfan Mir (Chile),4,3,2,19,19.0,7,0.0,0,2
1100,Jaspreet Singh (ITA),5,2,0,19,9.5,23,82.6,1,0
1101,Junaid Sheikh (NOR),5,3,0,19,0.0,0,0.0,1,1
1102,Mohammad Ahsan (KUW),6,3,0,19,0.0,0,0.0,0,1
1103,Muktar Ali (BAN),1,1,1,19,0.0,0,0.0,1,1
1104,SN Netravalkar (USA),8,2,1,19,19.0,15,126.7,1,1
1105,HM Nicholls (NZ),5,4,0,19,0.0,0,0.0,2,0
1106,F Nsubuga (UGA),6,4,1,19,0.0,0,0.0,0,2
1107,AE Paraam (SGP),3,2,1,19,19.0,10,190.0,2,1
1108,AM Phangiso (SA),16,3,0,19,6.33,29,65.5,1,0
1109,RLB Rambukwella (SL),2,1,0,19,19.0,16,118.75,1,1
1110,Sayed Monib (KUW),5,2,0,19,9.5,10,190.0,1,2
1111,L Shafeeg (MDV),6,3,1,19,9.5,17,111.75,2,1
1112,Sufyan Mehmood (OMA),4,2,1,19,19.0,41,46.34,2,0
1113,ML Udawatte (SL),3,3,0,19,6.33,23,82.6,2,0
1114,KOK Williams (WI),26,7,4,19,6.33,17,111.75,1,1
1115,N Yordanov (BUL),2,2,1,19,19.0,11,172.8,0,2
1116,JD Baker (Samoa),4,3,3,18,0.0,0,0.0,3,0
1117,V Baskaran (SGP),13,5,3,18,9.0,23,78.25,0,0
1118,LA Collado (GIBR),4,3,2,18,0.0,0,0.0,0,0
1119,XJ Doherty (AUS),11,4,3,18,18.0,17,105.9,1,0
1120,BE Hendricks (SA),14,4,1,18,6.0,22,81.8,0,1
1121,AK Markram (SA),2,2,0,18,9.0,17,105.9,1,1
1122,AF Milne (NZ),19,7,7,18,0.0,0,0.0,1,0
1123,Nauman Anwar (PAK),1,1,0,18,18.0,10,180.0,2,1
1124,Nazmul Islam (BAN),13,4,3,18,0.0,0,0.0,2,0
1125,GH O'Brien (BER),8,3,1,18,0.0,0,0.0,1,1
1126,P Suanchuai (THA),4,4,1,18,6.0,36,50.0,0,1
1127,Raza Hasan (PAK),10,4,4,18,0.0,0,0.0,2,0
1128,S Snater (NED),13,6,1,18,3.6,16,112.5,0,1
1129,DL Vettori (NZ),6,2,0,18,9.0,19,94.75,1,0
1130,HN Ya France (NAM),6,3,0,18,6.0,20,90.0,1,1
1131,SA Abbott (AUS),7,2,1,17,17.0,16,106.25,1,1
1132,Awais Malik (QAT),18,7,0,17,0.0,0,0.0,1,0
1133,TL Best (WI),6,1,1,17,0.0,0,0.0,0,2
1134,TR Birt (AUS),1,1,0,17,17.0,21,80.94,1,1
1135,D Bishoo (WI),7,4,2,17,0.0,0,0.0,2,0
1136,TA Blundell (NZ),3,2,1,17,17.0,21,80.94,0,0
1137,A Bohara (NEP),20,7,3,17,4.25,19,89.5,1,1
1138,SS Cottrell (WI),30,9,5,17,4.25,28,60.72,2,0
1139,LA Dawson (ENG),6,2,1,17,17.0,8,0.0,2,1
1140,RR Emrit (WI),4,3,0,17,5.66,27,62.97,0,1
1141,D Gim (NGA),6,4,2,17,8.5,32,53.12,0,0
1142,Hamid Hassan (AFG),14,4,4,17,0.0,0,0.0,1,0
1143,Khurram Shahzad (QAT),7,5,1,17,4.25,29,58.62,2,0
1144,S Kizilkaya (TKY),4,4,0,17,0.0,0,0.0,3,0
1145,L Louwrens (NAM),1,1,1,17,0.0,0,0.0,1,1
1146,SW Masakadza (ZIM),5,3,1,17,0.0,0,0.0,1,0
1147,JH Mensah (GHA),2,2,0,17,8.5,10,170.0,1,1
1148,TK Patel (USA),7,3,3,17,0.0,0,0.0,1,0
1149,K Pierre (WI),10,5,3,17,8.5,23,73.94,2,0
1150,GR Russ (PHI),3,2,1,17,17.0,29,58.62,0,0
1151,Shafraz Jaleel (MDV),4,3,0,17,5.66,14,121.44,1,1
1152,JR Singleton (BRA),3,3,0,17,0.0,0,0.0,3,0
1153,T Singye (BHU),2,2,0,17,8.5,25,68.0,2,0
1154,Usman Ali (KSA),8,3,1,17,0.0,0,0.0,1,0
1155,OR Willis (CAY),3,3,0,17,5.66,32,53.12,0,1
1156,Zain ul Tashnam (CRC),3,2,1,17,17.0,26,65.4,1,0
1157,IKO Aboagye (GHA),4,4,0,16,0.0,0,0.0,0,0
1158,P Arrighi (Arg),5,4,0,16,4.0,46,34.78,0,0
1159,KK Bishnoi (BRA),3,2,1,16,16.0,18,88.9,1,0
1160,M Chauhan (FIN),2,2,0,16,8.0,8,0.0,0,2
1161,U Dorji (BHU),2,2,0,16,0.0,0,0.0,2,0
1162,S Gajjar (CZK-R),3,3,1,16,8.0,22,72.75,1,0
1163,LF Goncalves (BRA),3,2,0,16,8.0,21,76.2,1,0
1164,EH Hutchinson (USA),2,1,0,16,16.0,8,0.0,3,0
1165,LS Livingstone (ENG),2,2,0,16,8.0,19,84.2,1,0
1166,K Modise (BOT),3,3,0,16,5.33,16,100.0,2,1
1167,Mohammad Sami (PAK),10,3,2,16,0.0,0,0.0,2,0
1168,Najmul Hossain Shanto (BAN),2,2,0,16,8.0,17,94.1,1,0
1169,JB Reva (PNG),9,4,0,16,0.0,0,0.0,1,1
1170,BJ Rohrer (AUS),1,1,0,16,16.0,14,114.25,0,1
1171,BV Save (MAS),2,2,0,16,0.0,0,0.0,3,0
1172,EHSN Silva (UAE),2,2,1,16,16.0,22,72.75,1,0
1173,Sarfraz Butt (KSA),3,1,0,16,16.0,20,80.0,2,0
1174,Aamer Yamin (PAK),2,1,1,15,0.0,0,0.0,1,1
1175,Abdul Majid Malik (BHR),4,3,2,15,15.0,13,115.4,2,0
1176,Anowarul Islam (THA),4,4,0,15,0.0,0,0.0,1,1
1177,AB Barath (WI),1,1,0,15,15.0,20,75.0,2,0
1178,TL Chatara (ZIM),21,3,0,15,0.0,0,0.0,1,0
1179,K Christie (HKG),11,4,2,15,7.5,20,75.0,0,0
1180,GL Cloete (SA),2,2,0,15,7.5,15,100.0,2,0
1181,N Dutta (CAN),11,3,2,15,15.0,13,115.4,1,0
1182,KR Ebanks (CAY),5,4,0,15,0.0,0,0.0,1,0
1183,Hamed Khan (HKG),3,3,0,15,5.0,19,78.94,2,0
1184,J Hill (PHI),4,3,0,15,0.0,0,0.0,3,0
1185,AC Kose (TKY),4,4,0,15,3.75,33,45.44,3,0
1186,NO Miller (WI),2,1,1,15,0.0,0,0.0,1,0
1187,N Nankov (BUL),4,3,1,15,7.5,25,60.0,1,0
1188,Nasrulla Rana (HKG),11,6,2,15,0.0,0,0.0,0,0
1189,RN Patel (KENYA),2,2,1,15,15.0,25,60.0,1,0
1190,Shabir Noori (AFG),1,1,0,15,15.0,18,83.3,1,0
1191,Shoaib Ali (KSA),8,3,0,15,0.0,0,0.0,2,0
1192,MJ Swepson (AUS),4,2,2,15,0.0,0,0.0,1,1
1193,MK Tiwary (IND),3,1,0,15,15.0,17,88.25,0,0
1194,Usama Master (MWI),6,2,0,15,7.5,13,115.4,1,0
1195,JDF Vandersay (SL),10,7,6,15,15.0,17,88.25,2,0
1196,Vikramjit Singh (NED),1,1,0,15,15.0,13,115.4,1,0
1197,Abdur Rehman (PAK),2,2,1,14,14.0,20,70.0,0,0
1198,Abul Hasan (BAN),5,2,0,14,0.0,0,0.0,2,0
1199,CM Akachukwu (NGA),8,5,3,14,0.0,0,0.0,0,1
1200,Ansh Tandon (UAE),1,1,0,14,14.0,9,0.0,3,0
1201,SG Borthwick (ENG),1,1,0,14,14.0,16,87.5,2,0
1202,G Dutta (Mex),7,6,0,14,0.0,0,0.0,1,0
1203,ST Finn (ENG),21,3,3,14,0.0,0,0.0,1,0
1204,GB Hogg (AUS),13,3,0,14,0.0,0,0.0,1,0
1205,Ibrahim Zadran (AFG),3,3,0,14,4.66,26,53.84,0,1
1206,P Jayeshbhai Patel (PAN),2,2,1,14,14.0,11,127.25,0,0
1207,T Langa (VAN),1,1,0,14,14.0,9,0.0,2,0
1208,A Manepalli (LUX),2,2,0,14,0.0,0,0.0,1,0
1209,JWN Moses (BOT),3,3,0,14,0.0,0,0.0,0,1
1210,S Pillai (CRC),3,3,0,14,0.0,0,0.0,1,0
1211,C Prasad (CRC),3,3,1,14,7.0,29,48.28,1,0
1212,Rakibul Hasan (ITA),8,4,1,14,4.66,17,82.4,1,0
1213,Saqlain Haider (UAE),6,5,1,14,0.0,0,0.0,0,0
1214,Shahzad Muhammad (Mex),2,1,0,14,14.0,7,0.0,1,1
1215,Sherul Mehta (Belg),1,1,0,14,14.0,16,87.5,2,0
1216,S Smith (BER),5,3,3,14,0.0,0,0.0,0,0
1217,S Varathappan (KUW),3,3,0,14,0.0,0,0.0,3,0
1218,VS Wategaonkar (OMA),2,1,0,14,14.0,14,100.0,1,0
1219,Abdullah Sheikh (NOR),2,2,0,13,6.5,18,72.25,1,0
1220,G Burrows (IOM),1,1,0,13,13.0,16,81.25,1,0
1221,WJ Cope (LUX),4,3,2,13,13.0,10,130.0,1,0
1222,JA Fitzgerald (GIBR),4,2,2,13,0.0,0,0.0,0,1
1223,SP Gauchan (NEP),9,5,2,13,4.33,43,30.23,0,0
1224,Jahurul Islam (BAN),2,2,0,13,6.5,11,118.2,2,0
1225,ST Kanakalil (MLT),3,1,1,13,0.0,0,0.0,2,0
1226,Lucky Ali (DEN),2,2,0,13,0.0,0,0.0,1,0
1227,CJ McKay (AUS),5,3,1,13,0.0,0,0.0,0,1
1228,JL Martel (GUE),3,1,1,13,0.0,0,0.0,1,1
1229,P Masih (ROM),3,1,0,13,13.0,18,72.25,0,0
1230,Mohammad Nawaz (3) (PAK),16,2,0,13,0.0,0,0.0,1,0
1231,Muhammad Hamayun (KSA),4,2,0,13,0.0,0,0.0,1,1
1232,HC Overdijk (NED),4,1,0,13,13.0,7,0.0,2,0
1233,JA Richardson (AUS),9,3,2,13,13.0,6,0.0,2,0
1234,DW Steyn (SA),26,8,4,13,3.25,16,81.25,2,0
1235,OFJ Tonuu (Samoa),4,3,1,13,6.5,18,72.25,0,0
1236,Usman Mushtaq (UAE),3,2,1,13,0.0,0,0.0,1,0
1237,S Vashisht (ROM),6,3,2,13,13.0,14,92.9,1,0
1238,F Achelam (UGA),4,3,2,12,0.0,0,0.0,0,1
1239,J Anderson (IRE),4,2,0,12,0.0,0,0.0,1,0
1240,Arslan Ahmed (PORT),3,3,0,12,4.0,32,37.5,1,0
1241,Asad Mohammad (GER),10,4,1,12,0.0,0,0.0,2,0
1242,Avi Dixit (SGP),1,1,1,12,0.0,0,0.0,0,1
1243,NT Broom (NZ),2,2,0,12,0.0,0,0.0,1,0
1244,Fazal Niazai (AFG),1,1,0,12,12.0,15,80.0,1,0
1245,CJ Gannon (USA),4,3,2,12,12.0,9,0.0,0,1
1246,R Gaznavi (SGP),5,3,0,12,0.0,0,0.0,2,0
1247,H Helva (TKY),4,4,0,12,0.0,0,0.0,2,0
1248,D Mejia (CRC),3,1,0,12,12.0,10,120.0,2,0
1249,Muhammad Muneeb (Belg),4,4,0,12,0.0,0,0.0,2,0
1250,Nader Zahadiafzal (Iran),3,3,0,12,4.0,24,50.0,2,0
1251,A Patel (MWI),2,2,1,12,12.0,23,52.16,2,0
1252,M Patel (Chile),3,3,0,12,0.0,0,0.0,1,1
1253,KOA Powell (WI),1,1,0,12,12.0,14,85.7,1,0
1254,Raag Kapur (HKG),4,3,1,12,0.0,0,0.0,1,0
1255,DR Sams (AUS),2,2,2,12,0.0,0,0.0,2,0
1256,Ali Ivan (MDV),1,1,0,11,11.0,39,28.2,0,0
1257,Apon Mustafizur (SRB),2,2,0,11,5.5,28,39.28,2,0
1258,Atif Kamal (LUX),4,3,0,11,3.66,18,61.12,1,0
1259,A Bulow (DEN),2,1,0,11,11.0,13,84.6,0,1
1260,JD Campbell (WI),2,2,0,11,5.5,16,68.75,2,0
1261,A Djorovic (SRB),2,2,0,11,0.0,0,0.0,1,0
1262,Fayyaz Ahmed (UAE),1,1,0,11,11.0,12,91.7,2,0
1263,S Goustis (GRC),3,1,0,11,11.0,19,57.88,0,0
1264,Khurram Manzoor (PAK),3,3,0,11,3.66,27,40.75,1,0
1265,IGTR Kumara (MDV),3,3,0,11,0.0,0,0.0,1,0
1266,KS Lokuarachchi (SL),2,2,0,11,5.5,13,84.6,1,0
1267,OC McCoy (WI),2,2,1,11,11.0,10,110.0,1,1
1268,WJ Malinda (MDV),3,2,1,11,11.0,9,0.0,0,1
1269,AK Mandal (NEP),2,2,0,11,0.0,0,0.0,0,0
1270,D Marks (MLT),2,2,2,11,0.0,0,0.0,0,0
1271,KD Mills (NZ),20,4,3,11,11.0,14,78.56,2,0
1272,J Reb (SRB),2,2,0,11,0.0,0,0.0,1,0
1273,NA Saini (IND),10,2,2,11,0.0,0,0.0,2,0
1274,Saqlain Arshad (QAT),2,1,0,11,11.0,10,110.0,0,1
1275,V Shetty (UAE),2,2,1,11,11.0,13,84.6,1,0
1276,M Shumba (ZIM),1,1,0,11,11.0,12,91.7,0,1
1277,Suresh Kumar (Peru),2,2,1,11,11.0,15,73.3,0,0
1278,P Taylor (CZK-R),7,2,1,11,11.0,9,0.0,1,0
1279,H Thaker (CAN),1,1,0,11,11.0,9,0.0,0,1
1280,W Uisuk (THA),4,4,0,11,0.0,0,0.0,1,0
1281,TCW Veillard (GUE),4,2,1,11,0.0,0,0.0,0,0
1282,Yasir Shah (PAK),2,1,1,11,0.0,0,0.0,1,0
1283,Aftab Ahmed (2) (DEN),1,1,0,10,10.0,13,76.94,1,0
1284,Aftab Kayani (ROM),1,1,0,10,10.0,13,76.94,0,0
1285,Asif Bevinje (ROM),3,2,0,10,0.0,0,0.0,0,0
1286,R Avery (BRA),4,3,0,10,0.0,0,0.0,0,0
1287,N Pradeep (SL),14,6,5,10,10.0,15,66.7,1,0
1288,S Hallett (Peru),4,4,0,10,0.0,0,0.0,1,0
1289,RM Haq (SCOT),13,5,4,10,10.0,12,83.3,1,0
1290,MJ Henry (NZ),6,2,1,10,10.0,5,0.0,2,0
1291,G Kaltongga (VAN),3,2,0,10,5.0,12,83.3,1,0
1292,B Lee (AUS),8,3,2,10,10.0,8,0.0,1,0
1293,MF Maharoof (SL),1,1,0,10,10.0,16,62.5,0,0
1294,ZE Matsinhe (MOZ),7,4,1,10,3.33,17,58.8,0,1
1295,Mohammad Ghazanfar (HKG),5,2,1,10,10.0,10,100.0,1,0
1296,S Nerandzic (SRB),2,2,0,10,0.0,0,0.0,1,0
1297,TM Odoyo (KENYA),3,3,0,10,0.0,0,0.0,0,1
1298,SL Perera (GHA),2,2,0,10,0.0,0,0.0,0,0
1299,RW Price (ZIM),7,4,2,10,5.0,17,58.8,1,0
1300,P Raho (PNG),2,2,2,10,0.0,0,0.0,0,1
1301,SHA Rance (NZ),8,3,0,10,0.0,0,0.0,0,0
1302,A Rangaswamy (BOT),4,3,0,10,0.0,0,0.0,0,1
1303,D Ravu (PNG),17,4,1,10,0.0,0,0.0,1,0
1304,GA Reynold (Blz),3,2,1,10,10.0,10,100.0,0,1
1305,Sami Ullah (ROM),1,1,0,10,10.0,9,0.0,1,0
1306,Shaheen Shah Afridi (PAK),18,2,2,10,0.0,0,0.0,0,1
1307,Syazrul Idrus (MAS),10,3,1,10,5.0,14,71.44,1,0
1308,MA Wood (ENG),11,2,2,10,0.0,0,0.0,1,0
1309,Zahoor Khan (UAE),22,6,2,10,0.0,0,0.0,1,0
1310,Zakir Hasan (BAN),1,1,0,10,10.0,9,0.0,1,0
1311,Abdul Rashid (Belg),1,1,0,9,0.0,0,0.0,0,0
1312,Afsar Zazai (AFG),1,1,0,9,0.0,0,0.0,0,0
1313,Anam Mollik (ITA),2,1,0,9,0.0,0,0.0,1,0
1314,P Arora (Mex),2,2,1,9,9.0,4,0.0,0,1
1315,HH Banner (Blz),3,2,1,9,0.0,0,0.0,0,1
1316,T Bukenya (UGA),3,2,2,9,0.0,0,0.0,0,1
1317,FRJ Coleman (SCOT),1,1,0,9,0.0,0,0.0,1,0
1318,BM Duckett (ENG),1,1,0,9,0.0,0,0.0,1,0
1319,Elias Sunny (BAN),7,4,2,9,0.0,0,0.0,1,0
1320,PG Fulton (NZ),1,1,0,9,0.0,0,0.0,2,0
1321,H Hiri (PNG),5,4,0,9,0.0,0,0.0,0,0
1322,NA Janes (THA),2,2,0,9,0.0,0,0.0,1,0
1323,N Knights (IOM),1,1,0,9,0.0,0,0.0,2,0
1324,JS Kundi (KENYA),6,4,0,9,0.0,0,0.0,1,0
1325,Muhammad Asjed (ESP),2,1,0,9,0.0,0,0.0,1,0
1326,Muhammad Wafiq (MAS),4,3,1,9,4.5,12,75.0,1,0
1327,VRCF Poubel (BRA),3,3,2,9,9.0,15,60.0,0,0
1328,A Poulose (OMA),3,3,0,9,0.0,0,0.0,2,0
1329,KW Richardson (AUS),21,2,0,9,0.0,0,0.0,0,0
1330,Rubel Hossain (BAN),24,13,8,9,1.8,25,36.0,0,0
1331,Sakib Hasan (SRB),2,2,0,9,0.0,0,0.0,1,0
1332,MM Sarwar (KUW),5,3,1,9,0.0,0,0.0,0,1
1333,RAJ Smith (SCOT),2,1,1,9,0.0,0,0.0,1,0
1334,B Stanlake (AUS),19,2,1,9,0.0,0,0.0,0,1
1335,T Wangchuk jnr (BHU),2,2,0,9,0.0,0,0.0,2,0
1336,S Waqas Ahmed (NOR),5,3,1,9,4.5,20,45.0,0,0
1337,BJ Watling (NZ),3,2,0,9,0.0,0,0.0,1,0
1338,Abbas Saad (KSA),2,2,0,8,0.0,0,0.0,1,0
1339,Adil Butt (KSA),3,2,1,8,8.0,10,80.0,0,0
1340,S Appu (MLT),4,4,1,8,0.0,0,0.0,0,0
1341,B Banerjee (Mex),6,4,2,8,4.0,19,42.1,0,0
1342,CS Baugh (WI),2,2,0,8,0.0,0,0.0,1,0
1343,JJ Bumrah (IND),50,6,4,8,0.0,0,0.0,1,0
1344,Charanjeet Singh (ITA),3,2,2,8,0.0,0,0.0,1,0
1345,H Dandapani (FIN),5,3,2,8,0.0,0,0.0,0,0
1346,B Fernando (SL),2,1,1,8,0.0,0,0.0,1,0
1347,JD Freyone (GIBR),4,4,0,8,0.0,0,0.0,0,0
1348,Habib Ahmadzai (Aut),2,2,1,8,8.0,10,80.0,1,0
1349,Hamza Dar (ESP),1,1,0,8,0.0,0,0.0,1,0
1350,HMRKB Herath (SL),17,6,3,8,0.0,0,0.0,0,0
1351,E Isaneez (UGA),3,2,2,8,0.0,0,0.0,0,0
1352,ST Jayasuriya (SL),1,1,0,8,0.0,0,0.0,1,0
1353,N Khanna (MLT),2,2,0,8,0.0,0,0.0,1,0
1354,Kuldeep Singh (PHI),4,3,0,8,0.0,0,0.0,0,0
1355,CJ Langford (IOM),1,1,0,8,0.0,0,0.0,1,0
1356,NCK Liyanage (MAS),6,3,1,8,0.0,0,0.0,1,0
1357,M Mooketsi (BOT),7,5,0,8,0.0,0,0.0,0,0
1358,Mujeeb Ur Rahman (AFG),19,3,3,8,0.0,0,0.0,1,0
1359,WA Peatfield (GUE),9,2,1,8,8.0,12,66.7,1,0
1360,CAK Rajitha (SL),10,4,2,8,0.0,0,0.0,0,0
1361,S Rengarajan (CZK-R),3,2,2,8,0.0,0,0.0,0,0
1362,N Senamontree (THA),4,4,1,8,0.0,0,0.0,0,0
1363,Simranjit Singh (ITA),1,1,0,8,0.0,0,0.0,0,0
1364,O Thomas (WI),15,5,3,8,4.0,11,72.75,2,0
1365,R Vishwanath (LUX),2,2,0,8,0.0,0,0.0,1,0
1366,BV Vitori (ZIM),11,2,2,8,0.0,0,0.0,0,0
1367,Yasar Idrees (KUW),1,1,0,8,0.0,0,0.0,0,1
1368,Al-Amin Hossain (BAN),31,6,4,7,3.5,12,58.34,1,0
1369,Arshad Mazarzei (Iran),3,3,0,7,0.0,0,0.0,1,0
1370,Ashiqullah Said (Belg),7,4,2,7,3.5,6,0.0,1,0
1371,Aslam Mohammad (GRC),3,1,0,7,0.0,0,0.0,1,0
1372,PRP Boissevain (NED),4,2,1,7,7.0,7,0.0,1,0
1373,NB Budayair (NEP),4,3,1,7,0.0,0,0.0,0,0
1374,MA Carberry (ENG),1,1,0,7,0.0,0,0.0,1,0
1375,PKD Chase (IRE),12,5,4,7,0.0,0,0.0,1,0
1376,DK Dahani (Iran),3,3,0,7,0.0,0,0.0,1,0
1377,DK Dahyabhai Ahir (PAN),2,1,0,7,0.0,0,0.0,1,0
1378,DC Delany (IRE),8,2,0,7,0.0,0,0.0,0,0
1379,FH Edwards (WI),8,2,1,7,7.0,5,0.0,1,0
1380,RAS Lakmal (SL),11,6,3,7,2.33,11,63.62,1,0
1381,S Mahmood (ENG),6,2,1,7,0.0,0,0.0,1,0
1382,A Nanda (LUX),5,2,0,7,0.0,0,0.0,1,0
1383,A Nao (PNG),2,2,2,7,0.0,0,0.0,1,0
1384,Naveen-ul-Haq (AFG),5,2,1,7,0.0,0,0.0,1,0
1385,Nazwan Ismail (MDV),4,2,2,7,0.0,0,0.0,0,0
1386,L Ngidi (SA),16,4,1,7,0.0,0,0.0,0,0
1387,J Nyumbu (ZIM),2,2,2,7,0.0,0,0.0,1,0
1388,Qadeer Ahmed (UAE),10,4,3,7,7.0,12,58.34,1,0
1389,LH Rodrigues (BRA),4,3,2,7,7.0,12,58.34,1,0
1390,Suhail Sadiq (LUX),2,1,1,7,0.0,0,0.0,0,1
1391,Sumair Khan (MLT),1,1,0,7,0.0,0,0.0,1,0
1392,Tanveer Ahmed (HKG),5,2,1,7,7.0,11,63.62,1,0
1393,LV van Beek (NED),8,4,1,7,2.33,15,46.66,0,0
1394,Vichanath Singh (THA),8,4,1,7,2.33,18,38.88,0,0
1395,Adnan Mufti (UAE),1,1,1,6,0.0,0,0.0,0,0
1396,Aftab Hussain (HKG),9,2,2,6,0.0,0,0.0,1,0
1397,MJ Ansell (IOM),1,1,0,6,0.0,0,0.0,1,0
1398,Aqib Iqbal (Aut),5,1,0,6,0.0,0,0.0,0,0
1399,TS Braat (NED),3,2,0,6,0.0,0,0.0,1,0
1400,DE Burgess (Samoa),4,4,0,6,0.0,0,0.0,0,0
1401,N Deonarine (WI),1,1,1,6,0.0,0,0.0,1,0
1402,SDJJ Dima (MOZ),4,2,0,6,0.0,0,0.0,0,0
1403,RMS Eranga (SL),3,1,0,6,0.0,0,0.0,1,0
1404,L Evile (Samoa),4,1,0,6,0.0,0,0.0,1,0
1405,C Hartmann (IOM),1,1,0,6,0.0,0,0.0,0,0
1406,R Hekure (PNG),8,4,1,6,2.0,12,50.0,0,0
1407,PJ Hughes (AUS),1,1,0,6,0.0,0,0.0,1,0
1408,Javed Ahmadi (AFG),3,2,0,6,0.0,0,0.0,1,0
1409,Jay Odedra (OMA),3,1,1,6,0.0,0,0.0,0,0
1410,D Maisuria (BOT),6,3,2,6,6.0,11,54.53,0,0
1411,I Master (BOT),2,2,0,6,0.0,0,0.0,1,0
1412,Z McLaughlin (CAY),3,2,2,6,0.0,0,0.0,0,0
1413,KO Meth (ZIM),2,1,1,6,0.0,0,0.0,0,0
1414,J Mulder (IRE),8,4,2,6,3.0,11,54.53,0,0
1415,B Muzarabani (ZIM),9,4,3,6,6.0,11,54.53,1,0
1416,A Nehra (IND),20,2,0,6,0.0,0,0.0,0,0
1417,Omar Hayat (DEN),2,2,0,6,0.0,0,0.0,0,0
1418,Shafiul Islam (BAN),17,4,1,6,0.0,0,0.0,0,0
1419,OF Smith (WI),2,1,0,6,0.0,0,0.0,1,0
1420,Tauqeer Hussain (ESP),6,2,1,6,6.0,10,60.0,0,0
1421,HER Tyler (PHI),2,1,0,6,0.0,0,0.0,0,0
1422,TC Vine (ESP),8,1,1,6,0.0,0,0.0,1,0
1423,AR White (IRE),6,2,1,6,0.0,0,0.0,1,0
1424,ME Sanuth (OMA),1,1,0,5,0.0,0,0.0,0,0
1425,M Ansari (OMA),11,4,4,5,0.0,0,0.0,0,0
1426,Anwar Rahman (MAS),11,4,1,5,1.66,8,0.0,0,0
1427,Arsalan Ahmed (GRC),3,1,0,5,0.0,0,0.0,0,0
1428,Asad Ali Rehemtulla (BUL),3,3,1,5,0.0,0,0.0,0,0
1429,Atif Mehmood (ESP),9,2,2,5,0.0,0,0.0,0,0
1430,MA Baig (MWI),7,4,0,5,0.0,0,0.0,1,0
1431,A Bhagwat (HKG),4,4,0,5,0.0,0,0.0,0,0
1432,T Caruana (GIBR),2,1,0,5,0.0,0,0.0,0,0
1433,YS Chahal (IND),45,4,2,5,2.5,11,45.44,0,0
1434,Fayaz Mohammad (BUL),1,1,1,5,0.0,0,0.0,1,0
1435,Hasheem Shahzad (MLT),2,2,0,5,0.0,0,0.0,1,0
1436,Imran Ali (KUW),4,2,1,5,5.0,6,0.0,0,0
1437,Ismail Sardar (THA),2,2,0,5,0.0,0,0.0,0,0
1438,Junaid Siddique (UAE),13,6,2,5,0.0,0,0.0,0,0
1439,I Katzarski (BUL),3,2,0,5,0.0,0,0.0,0,0
1440,D Kegasitswe (BOT),4,2,2,5,0.0,0,0.0,0,0
1441,Khawar Zafar (KSA),2,1,0,5,0.0,0,0.0,1,0
1442,TCR Kimber (GUE),3,3,0,5,0.0,0,0.0,0,0
1443,A Krishna (SGP),7,3,1,5,0.0,0,0.0,1,0
1444,CBRLS Kumara (SL),7,3,2,5,0.0,0,0.0,1,0
1445,AM McCarthy (WI),1,1,0,5,0.0,0,0.0,0,0
1446,Mohammad Hasnain (PAK),10,3,2,5,5.0,12,41.66,1,0
1447,Mohammad Salman (PAK),1,1,0,5,0.0,0,0.0,0,0
1448,Mohammed Nadeem (QAT),22,5,4,5,0.0,0,0.0,0,0
1449,A Morris (CAY),6,4,2,5,2.5,17,29.4,0,0
1450,Muhammad Ansar (KUW),4,1,0,5,0.0,0,0.0,1,0
1451,GRD Munasinghe (ITA),8,4,1,5,1.66,13,38.47,1,0
1452,N M'shangwe (ZIM),5,2,1,5,5.0,4,0.0,1,0
1453,GM Ntambalika (MWI),3,1,0,5,0.0,0,0.0,0,0
1454,Parvez Rasool (IND),1,1,0,5,0.0,0,0.0,0,0
1455,NK Patel (USA),4,2,1,5,5.0,10,50.0,0,0
1456,D Paterson (SA),8,2,1,5,5.0,2,0.0,1,0
1457,JL Pattinson (AUS),4,2,2,5,0.0,0,0.0,1,0
1458,Pavandeep Singh (MAS),19,6,5,5,5.0,8,0.0,0,0
1459,JE Pitcher (BER),3,1,1,5,0.0,0,0.0,0,0
1460,RJ Ranpura (OMA),3,2,2,5,0.0,0,0.0,0,0
1461,BM Scholtz (NAM),14,4,3,5,5.0,10,50.0,0,0
1462,M Spry (Peru),4,2,1,5,5.0,11,45.44,0,0
1463,BM Tickner (NZ),6,1,1,5,0.0,0,0.0,0,0
1464,C Vorster (GUE),1,1,0,5,0.0,0,0.0,0,0
1465,OJ Webster (IOM),1,1,0,5,0.0,0,0.0,1,0
1466,Ali Abbas (KSA),1,1,1,4,0.0,0,0.0,0,0
1467,TD Astle (NZ),3,2,0,4,0.0,0,0.0,0,0
1468,Baljit Singh (ITA),8,3,0,4,0.0,0,0.0,0,0
1469,P Bharat Patel (PAN),2,1,1,4,0.0,0,0.0,0,0
1470,SR Bhudia (KENYA),4,3,1,4,0.0,0,0.0,0,0
1471,CJ Boyce (AUS),7,2,1,4,0.0,0,0.0,0,0
1472,PR Brown (ENG),4,1,1,4,0.0,0,0.0,0,0
1473,NM Carter (SCOT),7,2,0,4,0.0,0,0.0,0,0
1474,PA Desai (CAN),1,1,1,4,0.0,0,0.0,0,0
1475,AB Dursak (TKY),4,4,0,4,0.0,0,0.0,0,0
1476,C Emmott (Chile),2,2,0,4,0.0,0,0.0,0,0
1477,Farhan Ahmed (UAE),3,1,0,4,0.0,0,0.0,0,0
1478,K Gore (USA),4,1,1,4,0.0,0,0.0,0,0
1479,Imran Haider (UAE),11,2,2,4,0.0,0,0.0,0,0
1480,A Karn (NEP),2,1,0,4,0.0,0,0.0,0,0
1481,MF Koc (TKY),3,3,1,4,2.0,17,23.52,0,0
1482,NM Lyon (AUS),2,1,1,4,0.0,0,0.0,0,0
1483,GE Mathurin (WI),3,2,2,4,0.0,0,0.0,0,0
1484,Mohammad Irfan (PAK),22,4,4,4,0.0,0,0.0,0,0
1485,Mohammad Tauqir (UAE),3,2,1,4,0.0,0,0.0,1,0
1486,Muhammad Khurram (MWI),5,3,0,4,0.0,0,0.0,0,0
1487,Muhammad Rafique (BHR),2,1,0,4,0.0,0,0.0,0,0
1488,JM Muirhead (AUS),5,2,1,4,0.0,0,0.0,0,0
1489,JO Ngoche (KENYA),7,3,1,4,0.0,0,0.0,0,0
1490,Qasim Zia (BHR),3,1,1,4,0.0,0,0.0,1,0
1491,NJ Reardon (AUS),2,1,0,4,0.0,0,0.0,0,0
1492,T Shamsi (SA),25,5,4,4,4.0,13,30.77,0,0
1493,LPC Silva (SL),1,1,0,4,0.0,0,0.0,0,0
1494,CB Sole (SCOT),4,1,1,4,0.0,0,0.0,1,0
1495,CR Suryawanshi (SGP),3,2,0,4,0.0,0,0.0,0,0
1496,K Suttisan (THA),2,2,0,4,0.0,0,0.0,1,0
1497,SP Terry (IRE),1,1,0,4,0.0,0,0.0,0,0
1498,T Tshose (BOT),2,2,2,4,0.0,0,0.0,0,0
1499,T Ulutuna (TKY),3,3,0,4,0.0,0,0.0,1,0
1500,Abu Jayed (BAN),3,2,0,3,0.0,0,0.0,0,0
1501,GJ Agius (MLT),2,2,0,3,0.0,0,0.0,0,0
1502,Amir Hayat (UAE),4,2,0,3,0.0,0,0.0,0,0
1503,Amjad Mahboob (SGP),14,6,2,3,0.75,14,21.42,0,0
1504,A Aspiotis (GRC),3,1,1,3,0.0,0,0.0,0,0
1505,MC Bascombe (WI),1,1,0,3,0.0,0,0.0,0,0
1506,P Bhart (NOR),5,3,2,3,3.0,17,17.64,0,0
1507,JA Burrows (IOM),1,1,0,3,0.0,0,0.0,0,0
1508,S Byrne (MLT),2,2,0,3,0.0,0,0.0,0,0
1509,D de la Puente (Peru),2,2,1,3,3.0,7,0.0,0,0
1510,ST de Silva (SL),3,2,0,3,0.0,0,0.0,0,0
1511,S Desungnoen (THA),2,2,2,3,0.0,0,0.0,0,0
1512,AB Dinda (IND),6,1,1,3,0.0,0,0.0,0,0
1513,Fahad Ali (BRA),3,3,0,3,0.0,0,0.0,0,0
1514,M Faheem (THA),7,3,0,3,0.0,0,0.0,0,0
1515,Fawad Ahmed (AUS),2,1,1,3,0.0,0,0.0,0,0
1516,Fida Hussain (ITA),2,1,1,3,0.0,0,0.0,0,0
1517,WT Gavera (PNG),6,2,0,3,0.0,0,0.0,0,0
1518,K Gilham (CZK-R),4,2,2,3,0.0,0,0.0,0,0
1519,JOA Gordon (CAN),7,2,2,3,0.0,0,0.0,0,0
1520,AM Guruge (UAE),5,3,2,3,3.0,8,0.0,0,0
1521,Ibrahim Nashath (MDV),3,2,1,3,3.0,5,0.0,0,0
1522,Javed Maroofkhail (NOR),2,1,0,3,0.0,0,0.0,0,0
1523,Junaid Khan (PAK),9,2,2,3,0.0,0,0.0,0,0
1524,Mahmad Data (PAN),2,1,0,3,0.0,0,0.0,0,0
1525,R Olipa (UGA),2,1,0,3,0.0,0,0.0,0,0
1526,M Patel (PAN),2,1,1,3,0.0,0,0.0,0,0
1527,RB Patel (BUL),7,1,1,3,0.0,0,0.0,0,0
1528,LN Rajbanshi (NEP),12,2,1,3,0.0,0,0.0,0,0
1529,MM Sharma (IND),8,2,2,3,0.0,0,0.0,0,0
1530,LA Simango (MOZ),3,2,1,3,0.0,0,0.0,0,0
1531,R Ulutuna (TKY),4,4,0,3,0.0,0,0.0,0,0
1532,DV Varghese (BUL),5,1,1,3,0.0,0,0.0,0,0
1533,SMK Waththage (CZK-R),5,1,0,3,0.0,0,0.0,0,0
1534,Zahid Hussain (CAN),3,2,2,3,0.0,0,0.0,0,0
1535,Abdullah Mahmood (DEN),1,1,0,2,0.0,0,0.0,0,0
1536,AG Achar (SGP),5,2,2,2,0.0,0,0.0,0,0
1537,Adel Kolasangiani (Iran),1,1,1,2,0.0,0,0.0,0,0
1538,N Advani (GIBR),1,1,0,2,0.0,0,0.0,0,0
1539,Aftab Alam (AFG),12,5,3,2,1.0,9,0.0,0,0
1540,Alok Kapali (BAN),2,2,0,2,0.0,0,0.0,0,0
1541,Areeb Quadir (FIN),2,1,0,2,0.0,0,0.0,0,0
1542,Arshad Hayat (CZK-R),7,2,0,2,0.0,0,0.0,0,0
1543,KMC Bandara (SL),1,1,1,2,0.0,0,0.0,0,0
1544,Bashir Shah (DEN),4,2,2,2,0.0,0,0.0,0,0
1545,A Bhattarai (NEP),1,1,0,2,0.0,0,0.0,0,0
1546,P Buccimazza (PORT),4,2,0,2,0.0,0,0.0,0,0
1547,A Carthew (Chile),4,1,1,2,0.0,0,0.0,0,0
1548,S Chophel (BHU),1,1,1,2,0.0,0,0.0,0,0
1549,H Dajc (SRB),2,2,1,2,2.0,3,0.0,0,0
1550,Emran Shahbakhsh (Iran),3,3,1,2,1.0,8,0.0,0,0
1551,M Faraz Akram (ZIM),1,1,1,2,0.0,0,0.0,0,0
1552,MVT Fernando (SL),1,1,0,2,0.0,0,0.0,0,0
1553,C Fry (LUX),3,1,0,2,0.0,0,0.0,0,0
1554,BD Glover (NED),19,4,3,2,2.0,8,0.0,0,0
1555,Jandu Hamoud (KUW),6,1,0,2,0.0,0,0.0,0,0
1556,A Husain (Arg),5,1,1,2,0.0,0,0.0,0,0
1557,Ilyas Ahmed (KUW),7,3,2,2,2.0,3,0.0,0,0
1558,S Kansoy (TKY),4,4,0,2,0.0,0,0.0,0,0
1559,I Lisboa (Chile),1,1,0,2,0.0,0,0.0,0,0
1560,J Long (PHI),2,1,1,2,0.0,0,0.0,0,0
1561,T Lungameni (NAM),6,1,1,2,0.0,0,0.0,0,0
1562,Masood Jayezeh (Iran),3,3,0,2,0.0,0,0.0,0,0
1563,Muslim Yar (GER),8,1,0,2,0.0,0,0.0,0,0
1564,Najeeb Amar (HKG),1,1,0,2,0.0,0,0.0,0,0
1565,W Nalisa (VAN),9,3,2,2,2.0,4,0.0,0,0
1566,Naveed Ahmed (CZK-R),10,2,1,2,2.0,4,0.0,0,0
1567,A Ndlovu (ZIM),3,1,0,2,0.0,0,0.0,0,0
1568,K Nima (BHU),1,1,1,2,0.0,0,0.0,0,0
1569,Noman Kamawi (Belg),1,1,0,2,0.0,0,0.0,0,0
1570,A Nortje (SA),5,1,0,2,0.0,0,0.0,0,0
1571,L Nou (PNG),3,1,1,2,0.0,0,0.0,0,0
1572,S Saeed (MDV),5,1,0,2,0.0,0,0.0,0,0
1573,Saqlain Ali (Belg),2,1,0,2,0.0,0,0.0,0,0
1574,Shoaib Gazi Hossain (Chile),4,1,0,2,0.0,0,0.0,0,0
1575,Suhrid Roy (MLT),1,1,1,2,0.0,0,0.0,0,0
1576,A Tripathi (Mex),3,2,2,2,0.0,0,0.0,0,0
1577,Usman Shinwari (PAK),16,3,3,2,0.0,0,0.0,0,0
1578,S Vijayakumar (SGP),9,2,0,2,0.0,0,0.0,0,0
1579,R Vinay Kumar (IND),6,1,1,2,0.0,0,0.0,0,0
1580,Waqar Khan (Peru),4,2,1,2,2.0,3,0.0,0,0
1581,Waqas Raja (FIN),1,1,1,2,0.0,0,0.0,0,0
1582,BTJ Wheal (SCOT),5,2,2,2,0.0,0,0.0,0,0
1583,UT Yadav (IND),7,1,0,2,0.0,0,0.0,0,0
1584,Zaheer Maqsood (UAE),3,1,0,2,0.0,0,0.0,0,0
1585,Z Abbasi (BOT),1,1,0,1,0.0,0,0.0,0,0
1586,KK Ahmed (IND),14,1,1,1,0.0,0,0.0,0,0
1587,J Allen (BRA),2,2,1,1,1.0,4,0.0,0,0
1588,HS Alta (TKY),4,4,1,1,0.33,10,10.0,0,0
1589,B Angeltti (Arg),3,1,0,1,0.0,0,0.0,0,0
1590,V Ateak (GHA),4,1,1,1,0.0,0,0.0,0,0
1591,Babar Ali (BHR),3,1,1,1,0.0,0,0.0,0,0
1592,HK Bennett (NZ),7,1,1,1,0.0,0,0.0,0,0
1593,S Bhari (NEP),8,5,3,1,0.5,7,0.0,0,0
1594,DE Bollinger (AUS),9,2,2,1,0.0,0,0.0,0,0
1595,DG Brownlie (NZ),3,3,0,1,0.0,0,0.0,0,0
1596,N Buckle (GUE),3,1,1,1,0.0,0,0.0,0,0
1597,IG Butler (NZ),4,1,1,1,0.0,0,0.0,0,0
1598,DL Chahar (IND),13,4,4,1,0.0,0,0.0,0,0
1599,AS Dean (CAN),1,1,0,1,0.0,0,0.0,0,0
1600,R Dhawan (IND),1,1,1,1,0.0,0,0.0,0,0
1601,B Dugic (SRB),2,1,0,1,0.0,0,0.0,0,0
1602,GDR Eranga (CAN),9,1,0,1,0.0,0,0.0,0,0
1603,AC Evans (SCOT),27,6,1,1,0.2,10,10.0,0,0
1604,LH Ferguson (NZ),11,1,0,1,0.0,0,0.0,0,0
1605,CRD Fernando (SL),2,2,0,1,0.0,0,0.0,0,0
1606,MD Garratt (GIBR),4,2,1,1,0.0,0,0.0,0,0
1607,A Gavde (CAY),1,1,0,1,0.0,0,0.0,0,0
1608,O Goker (TKY),1,1,1,1,0.0,0,0.0,0,0
1609,Hashmatullah Shahidi (AFG),1,1,1,1,0.0,0,0.0,0,0
1610,GM Hyde (Blz),3,1,0,1,0.0,0,0.0,0,0
1611,Imran Yousaf (KSA),2,1,1,1,0.0,0,0.0,0,0
1612,B Khumalo (BOT),3,1,0,1,0.0,0,0.0,0,0
1613,VJ Kingma (NED),4,2,1,1,0.0,0,0.0,0,0
1614,DS Kulkarni (IND),2,1,1,1,0.0,0,0.0,0,0
1615,P Kumar (IND),7,2,0,1,0.0,0,0.0,0,0
1616,A Lagos (GRC),1,1,1,1,0.0,0,0.0,0,0
1617,C Liebenberg (IOM),1,1,0,1,0.0,0,0.0,0,0
1618,R McLaren (SA),7,1,0,1,0.0,0,0.0,0,0
1619,R Mahajan (PHI),3,1,1,1,0.0,0,0.0,0,0
1620,RD McCann (IRE),3,1,0,1,0.0,0,0.0,0,0
1621,BAW Mendis (SL),20,4,3,1,0.0,0,0.0,0,0
1622,S Mills (IOM),1,1,1,1,0.0,0,0.0,0,0
1623,MR Montfort (CAN),1,1,1,1,0.0,0,0.0,0,0
1624,Muhammed Shanil (UAE),1,1,1,1,0.0,0,0.0,0,0
1625,M Nasim Baras (AFG),3,1,0,1,0.0,0,0.0,0,0
1626,A Nathwani (Aut),5,1,1,1,0.0,0,0.0,0,0
1627,R Neale (LUX),3,2,0,1,0.0,0,0.0,0,0
1628,M Ntini (SA),1,1,1,1,0.0,0,0.0,0,0
1629,SD Parry (ENG),5,1,0,1,0.0,0,0.0,0,0
1630,MDK Perera (SL),3,2,0,1,0.0,0,0.0,0,0
1631,J Perman (ESP),4,1,0,1,0.0,0,0.0,0,0
1632,R Rampaul (WI),15,3,3,1,0.0,0,0.0,0,0
1633,KB Ahir (PAN),3,1,1,1,0.0,0,0.0,0,0
1634,EB Ringera (KENYA),1,1,0,1,0.0,0,0.0,0,0
1635,WJR Robertson (JER),6,2,2,1,0.0,0,0.0,0,0
1636,BA Sambo (MOZ),2,1,1,1,0.0,0,0.0,0,0
1637,O Sam Arthur (CRC),3,2,1,1,0.0,0,0.0,0,0
1638,Sandeep Sharma (IND),2,1,1,1,0.0,0,0.0,0,0
1639,M Sarenac (SRB),2,1,0,1,0.0,0,0.0,0,0
1640,Sayed Shirzad (AFG),4,1,0,1,0.0,0,0.0,0,0
1641,ZK Shem (VAN),5,2,2,1,0.0,0,0.0,0,0
1642,KM Silva (BRA),3,2,0,1,0.0,0,0.0,0,0
1643,Sohail Khan (PAK),4,1,1,1,0.0,0,0.0,0,0
1644,AL Stephen (VAN),2,1,0,1,0.0,0,0.0,0,0
1645,SW Tait (AUS),4,1,1,1,0.0,0,0.0,0,0
1646,RJW Topley (ENG),6,1,1,1,0.0,0,0.0,0,0
1647,LL Tsotsobe (SA),18,2,2,1,0.0,0,0.0,0,0
1648,T Turan (TKY),4,4,0,1,0.0,0,0.0,0,0
1649,R van der Merwe (Arg),5,2,2,1,0.0,0,0.0,0,0
1650,S Veerapathiran (BHR),1,1,0,1,0.0,0,0.0,0,0
1651,I Wardlaw (SCOT),4,1,0,1,0.0,0,0.0,0,0
1652,Wasim Ali (OMA),3,2,1,1,0.0,0,0.0,0,0
1653,JD Wildermuth (AUS),2,1,1,1,0.0,0,0.0,0,0
1654,Yamin Ahmadzai (AFG),2,1,1,1,0.0,0,0.0,0,0
1655,Zaki Ul Hassan (Belg),3,1,0,1,0.0,0,0.0,0,0
1656,Zeeshan Abbas (BHR),1,1,0,1,0.0,0,0.0,0,0
1657,AS Abioye (NGA),5,1,1,0,0.0,0,0.0,0,0
1658,Aizaz Cheema (PAK),5,1,1,0,0.0,0,0.0,0,0
1659,C Akyuz (TKY),1,1,0,0,0.0,0,0.0,0,0
1660,Ali Naqi (PORT),4,1,1,0,0.0,0,0.0,0,0
1661,MA Aponso (SL),3,1,0,0,0.0,0,0.0,0,0
1662,S Arachchige (ITA),4,1,0,0,0.0,0,0.0,0,0
1663,SK Atai (PNG),2,1,0,0,0.0,0,0.0,0,0
1664,MS Aulakh (CAN),3,1,0,0,0.0,0,0.0,0,0
1665,CT Bancroft (AUS),1,1,1,0,0.0,0,0.0,0,0
1666,M Bhanuka (SL),2,1,0,0,0.0,0,0.0,0,0
1667,DR Briggs (ENG),7,1,1,0,0.0,0,0.0,0,0
1668,PP Chawla (IND),4,1,0,0,0.0,0,0.0,0,0
1669,DO Christian (WI),2,1,0,0,0.0,0,0.0,0,0
1670,I Civric (SRB),1,1,0,0,0.0,0,0.0,0,0
1671,S Dalton (CZK-R),2,1,0,0,0.0,0,0.0,0,0
1672,N Dipakkumar Patel (PAN),3,1,0,0,0.0,0,0.0,0,0
1673,JN Dorji (BHU),1,1,0,0,0.0,0,0.0,0,0
1674,GD Drummond (SCOT),8,1,0,0,0.0,0,0.0,0,0
1675,Ehsan Nawaz (HKG),5,1,0,0,0.0,0,0.0,0,0
1676,Fakhrul Mohon (PORT),4,1,0,0,0.0,0,0.0,0,0
1677,Fiaz Ahmad (KUW),3,1,1,0,0.0,0,0.0,0,0
1678,BC Fortuin (SA),4,2,1,0,0.0,1,0.0,0,0
1679,GC Galanis (GRC),2,1,0,0,0.0,0,0.0,0,0
1680,Gershon Yusuf (NGA),1,1,0,0,0.0,0,0.0,0,0
1681,L Gherasim (ROM),3,1,0,0,0.0,0,0.0,0,0
1682,M Gherasim (ROM),2,1,1,0,0.0,0,0.0,0,0
1683,M Goonetilleke (MLT),1,1,0,0,0.0,0,0.0,0,0
1684,Haris Rauf (PAK),11,1,1,0,0.0,0,0.0,0,0
1685,BW Hilfenhaus (AUS),1,1,0,0,0.0,0,0.0,0,0
1686,Imran Khan (1) (PAK),3,1,0,0,0.0,0,0.0,0,0
1687,KA Jamieson (NZ),4,1,1,0,0.0,0,0.0,0,0
1688,P Kerai (KENYA),6,1,0,0,0.0,0,0.0,0,0
1689,CA Liyanage (MDV),3,3,1,0,0.0,2,0.0,0,0
1690,K Loday (BHU),1,1,1,0,0.0,0,0.0,0,0
1691,P Malav (LUX),3,1,0,0,0.0,0,0.0,0,0
1692,OM Marshall (Peru),3,1,0,0,0.0,0,0.0,0,0
1693,M Meade (Chile),1,1,0,0,0.0,0,0.0,0,0
1694,A Mehmood (HKG),2,1,1,0,0.0,0,0.0,0,0
1695,Mehran Dorri (Iran),1,1,1,0,0.0,0,0.0,0,0
1696,Mehran Siasar (Iran),1,1,0,0,0.0,0,0.0,0,0
1697,Michael Nazir (MLT),1,1,0,0,0.0,0,0.0,0,0
1698,TS Mills (ENG/ICC),5,1,0,0,0.0,0,0.0,0,0
1699,A Mishra (IND),9,1,0,0,0.0,0,0.0,0,0
1700,Mohameed Taiwo (NGA),2,1,1,0,0.0,0,0.0,0,0
1701,Mohammad Ayaz (UAE),1,1,0,0,0.0,0,0.0,0,0
1702,JK Mukhiya (NEP),4,1,1,0,0.0,0,0.0,0,0
1703,Musawar Shah (QAT),4,1,1,0,0.0,0,0.0,0,0
1704,Musa Shaheen (DEN),1,1,0,0,0.0,0,0.0,0,0
1705,T Muzarabani (ZIM),9,1,1,0,0.0,0,0.0,0,0
1706,Naveed Fakhr (KUW),1,1,1,0,0.0,0,0.0,0,0
1707,Navid Abdollahpour (Iran),2,1,1,0,0.0,0,0.0,0,0
1708,Nawaf Ahmed (KUW),1,1,1,0,0.0,0,0.0,0,0
1709,Noor Momand (Belg),2,1,1,0,0.0,0,0.0,0,0
1710,L Nussbaumer (GUE),1,1,0,0,0.0,0,0.0,0,0
1711,A Orfila (GIBR),1,1,0,0,0.0,0,0.0,0,0
1712,MM Patel (IND),3,1,0,0,0.0,0,0.0,0,0
1713,T Phaswana (BOT),1,1,0,0,0.0,0,0.0,0,0
1714,Qais Ahmad (AFG),1,1,1,0,0.0,0,0.0,0,0
1715,Rahman Ademi (SRB),2,1,1,0,0.0,0,0.0,0,0
1716,R Rivas (Chile),3,1,0,0,0.0,0,0.0,0,0
1717,Rumman Raees (PAK),8,1,1,0,0.0,0,0.0,0,0
1718,Sajid Liaqat (GER),2,1,1,0,0.0,0,0.0,0,0
1719,K Santokie (WI),12,1,1,0,0.0,0,0.0,0,0
1720,I Sawmy (DEN),2,2,1,0,0.0,2,0.0,0,0
1721,A Shahzad (ENG),2,1,1,0,0.0,0,0.0,0,0
1722,Shakeel Ansar (PAK),2,1,0,0,0.0,0,0.0,0,0
1723,I Sharma (IND),3,1,0,0,0.0,0,0.0,0,0
1724,B Shikongo (NAM),11,1,0,0,0.0,0,0.0,0,0
1725,BA Simango (MOZ),2,1,0,0,0.0,0,0.0,0,0
1726,M Simmons (BER),2,1,0,0,0.0,0,0.0,0,0
1727,M Simpson-Parker (Aut),3,1,0,0,0.0,0,0.0,0,0
1728,S Singh (PORT),1,1,0,0,0.0,0,0.0,0,0
1729,L Sipamla (SA),6,1,0,0,0.0,0,0.0,0,0
1730,S Soosiyakumar (BUL),1,1,0,0,0.0,0,0.0,0,0
1731,ES Soto (CRC),1,1,0,0,0.0,0,0.0,0,0
1732,L Sreekumar (UAE),1,1,0,0,0.0,0,0.0,0,0
1733,H Ssenyondo (UGA),7,1,1,0,0.0,0,0.0,0,0
1734,Taijul Islam (BAN),2,1,1,0,0.0,0,0.0,0,0
1735,MH Yardy (ENG),2,1,0,0,0.0,0,0.0,0,0
1736,Ziaur Rehman (FIN),1,1,0,0,0.0,0,0.0,0,0
1737,Zulqarnain Haider (ESP),5,1,0,0,0.0,0,0.0,0,0
1738,Abdul Rahman (Aut),3,0,0,0,0.0,0,0.0,0,0
1739,RA Abolarin (NGA),1,0,0,0,0.0,0,0.0,0,0
1740,Ahmed Raid (MDV),1,0,0,0,0.0,0,0.0,0,0
1741,NN Akhter (MLT),3,0,0,0,0.0,0,0.0,0,0
1742,GW Aldridge (NZ),1,0,0,0,0.0,0,0.0,0,0
1743,AD Algar (ESP),1,0,0,0,0.0,0,0.0,0,0
1744,A Anemogiannis (GRC),1,0,0,0,0.0,0,0.0,0,0
1745,S Aravind (IND),1,0,0,0,0.0,0,0.0,0,0
1746,JC Archer (ENG),7,0,0,0,0.0,0,0.0,0,0
1747,Asad Ali (PAK),2,0,0,0,0.0,0,0.0,0,0
1748,Atif Ali Khan (UAE),1,0,0,0,0.0,0,0.0,0,0
1749,P Awana (IND),2,0,0,0,0.0,0,0.0,0,0
1750,L Balaji (IND),5,0,0,0,0.0,0,0.0,0,0
1751,JT Ball (ENG),2,0,0,0,0.0,0,0.0,0,0
1752,S Bantzas (GRC),1,0,0,0,0.0,0,0.0,0,0
1753,MD Bates (NZ),3,0,0,0,0.0,0,0.0,0,0
1754,D Bau (PNG),1,0,0,0,0.0,0,0.0,0,0
1755,JP Behrendorff (AUS),7,0,0,0,0.0,0,0.0,0,0
1756,SJ Benn (WI),7,0,0,0,0.0,0,0.0,0,0
1757,SVE Bharathi (GER),2,0,0,0,0.0,0,0.0,0,0
1758,LT Bichard (GUE),1,0,0,0,0.0,0,0.0,0,0
1759,CC Blake (VAN),3,0,0,0,0.0,0,0.0,0,0
1760,SM Boland (AUS),3,0,0,0,0.0,0,0.0,0,0
1761,M Breban (GUE),1,0,0,0,0.0,0,0.0,0,0
1762,CG Burnett (SCOT),1,0,0,0,0.0,0,0.0,0,0
1763,J Butler (IOM),1,0,0,0,0.0,0,0.0,0,0
1764,RD Chahar (IND),1,0,0,0,0.0,0,0.0,0,0
1765,N Chejay (BHU),1,0,0,0,0.0,0,0.0,0,0
1766,C Chete (MWI),2,0,0,0,0.0,0,0.0,0,0
1767,MS Crane (ENG),2,0,0,0,0.0,0,0.0,0,0
1768,D Daesrath (CAN),1,0,0,0,0.0,0,0.0,0,0
1769,M de Lange (SA),6,0,0,0,0.0,0,0.0,0,0
1770,V Dikov (BUL),3,0,0,0,0.0,0,0.0,0,0
1771,K Dorji (BHU),2,0,0,0,0.0,0,0.0,0,0
1772,JA Duffy (NZ),1,0,0,0,0.0,0,0.0,0,0
1773,BT Foakes (ENG),1,0,0,0,0.0,0,0.0,0,0
1774,O Fournier (CRC),2,0,0,0,0.0,0,0.0,0,0
1775,R Frylinck (SA),3,0,0,0,0.0,0,0.0,0,0
1776,ST Gabriel (WI),2,0,0,0,0.0,0,0.0,0,0
1777,Garret Banner (Blz),1,0,0,0,0.0,0,0.0,0,0
1778,S Goud (CZK-R),1,0,0,0,0.0,0,0.0,0,0
1779,HF Gurney (ENG),2,0,0,0,0.0,0,0.0,0,0
1780,Hamid Hashemi (Iran),1,0,0,0,0.0,0,0.0,0,0
1781,Hamza Tahir (SCOT),11,0,0,0,0.0,0,0.0,0,0
1782,Hasan Mahmud (BAN),1,0,0,0,0.0,0,0.0,0,0
1783,Hassan Khan Mohammad (HKG),1,0,0,0,0.0,0,0.0,0,0
1784,RJ Hatchman (GIBR),1,0,0,0,0.0,0,0.0,0,0
1785,JR Hazlewood (AUS),9,0,0,0,0.0,0,0.0,0,0
1786,J Hurley (Arg),3,0,0,0,0.0,0,0.0,0,0
1787,Ibrahim Khan (KSA),1,0,0,0,0.0,0,0.0,0,0
1788,Imran Ashraf (QAT),4,0,0,0,0.0,0,0.0,0,0
1789,D Jakiel (ZIM),2,0,0,0,0.0,0,0.0,0,0
1790,GJ Joseph (Blz),1,0,0,0,0.0,0,0.0,0,0
1791,Jubair Hossain (BAN),1,0,0,0,0.0,0,0.0,0,0
1792,S Randiv (SL),1,0,0,0,0.0,0,0.0,0,0
1793,TP Kamungozi (ZIM),1,0,0,0,0.0,0,0.0,0,0
1794,SHT Kandamby (SL),1,0,0,0,0.0,0,0.0,0,0
1795,B Karki (NEP),1,0,0,0,0.0,0,0.0,0,0
1796,S Kaul (IND),3,0,0,0,0.0,0,0.0,0,0
1797,Z Khan (IND),5,0,0,0,0.0,0,0.0,0,0
1798,UKPW Kumaranayaka (KUW),7,0,0,0,0.0,0,0.0,0,0
1799,B Laughlin (AUS),2,0,0,0,0.0,0,0.0,0,0
1800,E Leie (SA),2,0,0,0,0.0,0,0.0,0,0
1801,DSK Madushanka (SL),2,0,0,0,0.0,0,0.0,0,0
1802,GT Main (SCOT),4,0,0,0,0.0,0,0.0,0,0
1803,M Markande (IND),1,0,0,0,0.0,0,0.0,0,0
1804,A Martin (WI),1,0,0,0,0.0,0,0.0,0,0
1805,JC Martin (GUE),1,0,0,0,0.0,0,0.0,0,0
1806,WT Mashinge (ZIM),2,0,0,0,0.0,0,0.0,0,0
1807,GJ McCarter (IRE),3,0,0,0,0.0,0,0.0,0,0
1808,SC Meaker (ENG),2,0,0,0,0.0,0,0.0,0,0
1809,NSK Mehta (Belg),4,0,0,0,0.0,0,0.0,0,0
1810,Mihusan Hamid (MDV),1,0,0,0,0.0,0,0.0,0,0
1811,D Mogan (MAS),2,0,0,0,0.0,0,0.0,0,0
1812,Mohammad Shahid (BAN),1,0,0,0,0.0,0,0.0,0,0
1813,Mohammed Shami (IND),12,0,0,0,0.0,0,0.0,0,0
1814,Mohammed Siraj (IND),3,0,0,0,0.0,0,0.0,0,0
1815,Mohsin Khan (HKG),3,0,0,0,0.0,0,0.0,0,0
1816,Muhammad Amir (MAS),1,0,0,0,0.0,0,0.0,0,0
1817,Muhammad Musa (PAK),2,0,0,0,0.0,0,0.0,0,0
1818,Mukhtiar Singh (ESP),2,0,0,0,0.0,0,0.0,0,0
1819,M Mwamadi (MWI),3,0,0,0,0.0,0,0.0,0,0
1820,M Nandela (Mex),2,0,0,0,0.0,0,0.0,0,0
1821,Nasir Aziz (UAE),1,0,0,0,0.0,0,0.0,0,0
1822,T Natarajan (IND),3,0,0,0,0.0,0,0.0,0,0
1823,NH Naureen (ESP),1,0,0,0,0.0,0,0.0,0,0
1824,Nawazish Jezuli (KSA),1,0,0,0,0.0,0,0.0,0,0
1825,Nazmul Hossain (BAN),2,0,0,0,0.0,0,0.0,0,0
1826,P Negi (IND),1,0,0,0,0.0,0,0.0,0,0
1827,A Neill (SCOT),5,0,0,0,0.0,0,0.0,0,0
1828,R Ngarava (ZIM),3,0,0,0,0.0,0,0.0,0,0
1829,TW Nightingale (GUE),1,0,0,0,0.0,0,0.0,0,0
1830,G Nikitas (GRC),2,0,0,0,0.0,0,0.0,0,0
1831,F Nkhoma (MWI),4,0,0,0,0.0,0,0.0,0,0
1832,E Ochieng (KENYA),2,0,0,0,0.0,0,0.0,0,0
1833,RJG Palmer (JER),2,0,0,0,0.0,0,0.0,0,0
1834,MA Parker (SCOT),2,0,0,0,0.0,0,0.0,0,0
1835,MW Parkinson (ENG),2,0,0,0,0.0,0,0.0,0,0
1836,AY Patel (NZ),2,0,0,0,0.0,0,0.0,0,0
1837,V Permaul (WI),1,0,0,0,0.0,0,0.0,0,0
1838,R Pisal (ROM),1,0,0,0,0.0,0,0.0,0,0
1839,KTGD Prasad (SL),1,0,0,0,0.0,0,0.0,0,0
1840,S Qeshile (SA),2,0,0,0,0.0,0,0.0,0,0
1841,Raja Adeel (ESP),5,0,0,0,0.0,0,0.0,0,0
1842,Rashid Khan (NEP),1,0,0,0,0.0,0,0.0,0,0
1843,KA Reynolds (Blz),3,0,0,0,0.0,0,0.0,0,0
1844,KAJ Roach (WI),1,0,0,0,0.0,0,0.0,0,0
1845,Robiul Islam (BAN),1,0,0,0,0.0,0,0.0,0,0
1846,Rokhan Barakzai (AFG),3,0,0,0,0.0,0,0.0,0,0
1847,AK Sah (NEP),1,0,0,0,0.0,0,0.0,0,0
1848,Sajedul Islam (BAN),1,0,0,0,0.0,0,0.0,0,0
1849,Saqlain Sajib (BAN),1,0,0,0,0.0,0,0.0,0,0
1850,K Senamontree (THA),2,0,0,0,0.0,0,0.0,0,0
1851,Shaffeq Muhammad (GRC),2,0,0,0,0.0,0,0.0,0,0
1852,Shahadat Hossain (BAN),1,0,0,0,0.0,0,0.0,0,0
1853,Sharif Asadullah (UAE),1,0,0,0,0.0,0,0.0,0,0
1854,KV Sharma (IND),1,0,0,0,0.0,0,0.0,0,0
1855,R Sharma (IND),2,0,0,0,0.0,0,0.0,0,0
1856,R Shepherd (WI),3,0,0,0,0.0,0,0.0,0,0
1857,NK Shetty (Mex),2,0,0,0,0.0,0,0.0,0,0
1858,S Singh (PHI),4,0,0,0,0.0,0,0.0,0,0
1859,SJS Smith (SCOT),1,0,0,0,0.0,0,0.0,0,0
1860,Soheel Hussain (Belg),1,0,0,0,0.0,0,0.0,0,0
1861,BB Sran (IND),2,0,0,0,0.0,0,0.0,0,0
1862,H Srinivasan (GER),1,0,0,0,0.0,0,0.0,0,0
1863,TJ Stephenson (Blz),1,0,0,0,0.0,0,0.0,0,0
1864,K Subramanian (SGP),1,0,0,0,0.0,0,0.0,0,0
1865,P Syafiq Ali (MAS),2,0,0,0,0.0,0,0.0,0,0
1866,J Thinley (BHU),2,0,0,0,0.0,0,0.0,0,0
1867,DC Thomas (WI),2,0,0,0,0.0,0,0.0,0,0
1868,CK Tshuma (ZIM),1,0,0,0,0.0,0,0.0,0,0
1869,JD Unadkat (IND),10,0,0,0,0.0,0,0.0,0,0
1870,Usman Qadir (PAK),3,0,0,0,0.0,0,0.0,0,0
1871,MB van Schelven (NED),2,0,0,0,0.0,0,0.0,0,0
1872,S Vats (LUX),1,0,0,0,0.0,0,0.0,0,0
1873,DJ Vilas (SA),1,0,0,0,0.0,0,0.0,0,0
1874,Vimal Kumar (PHI),2,0,0,0,0.0,0,0.0,0,0
1875,Vishal Ahir (PAN),1,0,0,0,0.0,0,0.0,0,0
1876,Waqar Abbasi (ROM),1,0,0,0,0.0,0,0.0,0,0
1877,Waqas Maqsood (PAK),1,0,0,0,0.0,0,0.0,0,0
1878,SG Whittingham (SCOT),3,0,0,0,0.0,0,0.0,0,0
1879,LJ Woodcock (NZ),2,0,0,0,0.0,0,0.0,0,0
1880,Zamir Khan (AFG),1,0,0,0,0.0,0,0.0,0,0
1881,S Zargar (Mex),1,0,0,0,0.0,0,0.0,0,0
1882,Zeeshan Khan (MLT),1,0,0,0,0.0,0,0.0,0,0
1883,Zeshan Arif (Aut),3,0,0,0,0.0,0,0.0,0,0
1884,Ziaur Rahman (AFG),1,0,0,0,0.0,0,0.0,0,0
1885,No records available to match this query,0,0,0,0,0.0,0,0.0,0,0
